Adjusted_X,Adjusted_Y,Adjusted_Z,Slice_Index
-0.10812199860811234,11.723727941513062,0.07910098880529404,11
-0.2628380060195923,11.74696397781372,0.05224600061774254,11
-0.22954601049423215,11.734305143356323,0.035156026482582085,11
0.1436370015144348,11.776333093643188,0.034667059779167175,11
0.2364100068807602,11.766968250274658,0.039062079042196274,11
