Adjusted_X,Adjusted_Y,Adjusted_Z,Slice_Index
26.74557113647461,11.102880954742432,0.05016905441880226,9
26.84981918334961,11.116163969039917,0.06823503226041794,9
27.09142875671387,11.114500999450684,0.07800095528364183,9
27.206090927124023,11.114845037460327,0.06286400556564331,9
