Adjusted_X,Adjusted_Y,Adjusted_Z,Slice_Index
7.535965919494629,-2.965358018875122,-0.0014650060329586267,0
7.373064994812013,-2.655884027481079,0.029641076922416687,0
7.4094791412353525,-2.6376190185546875,0.02329394035041332,0
7.416580200195312,-2.635406970977783,0.02622296847403049,0
7.53898811340332,-2.6599140167236333,0.02524708025157452,0
7.557968139648437,-2.647552013397217,0.02378199808299541,0
7.721281051635742,-2.6274800300598145,0.04819602146744728,0
