Adjusted_X,Adjusted_Y,Adjusted_Z,Slice_Index
29.744911193847656,-2.3608629703521733,0.04821602627635002,0
29.75265121459961,-2.3902149200439453,0.05407499149441719,0
29.78189468383789,-2.3177061080932617,0.04870408773422241,0
29.78197860717773,-2.365159034729004,0.04821602627635002,0
29.847888946533203,-2.3152709007263184,0.04870408773422241,0
29.88960075378418,-2.3618388175964355,0.05016905441880226,0
29.897743225097656,-2.337542057037353,0.04870408773422241,0
29.910085678100586,-2.3038790225982666,0.05016905441880226,0
