Adjusted_X,Adjusted_Y,Adjusted_Z,Slice_Index
10.37393569946289,12.11917209625244,0.04087197035551071,11
10.377439498901367,12.124091148376465,0.03843100368976593,11
10.405563354492188,12.124999761581421,0.03012993186712265,11
10.541934967041016,12.154806852340698,0.026712048798799515,11
10.56857681274414,12.12362289428711,0.03940700367093086,11
10.593338012695312,12.108170986175535,0.05356704071164131,11
10.705314636230467,12.118422746658325,0.03891894593834877,11
