Adjusted_X,Adjusted_Y,Adjusted_Z,Slice_Index
8.761616706848145,12.101470947265625,0.027199992910027504,11
8.879434585571289,12.119922161102295,0.0457550473511219,11
8.88748550415039,12.121021032333374,0.03745397925376892,11
8.899820327758789,12.053210020065308,0.04819602146744728,11
9.04564380645752,12.097514867782593,0.05600903555750847,11
9.207318305969238,12.118753910064695,0.0457550473511219,11
9.212129592895508,12.113873958587645,0.05600903555750847,11
9.221990585327148,12.12037181854248,0.028664961457252506,11
9.227188110351562,12.124812841415405,0.05210195854306221,11
