Adjusted_X,Adjusted_Y,Adjusted_Z,Slice_Index
49.237571716308594,4.32722806930542,0.07458307594060898,3
49.24299621582031,4.175801992416382,0.07458307594060898,3
49.25326919555664,4.209627032279968,0.07458307594060898,3
49.29161071777344,4.274495959281921,0.07604804635047913,3
49.3008804321289,4.1456249952316275,0.07897797971963882,3
49.34088897705078,4.452102065086366,0.07507102191448213,3
