Adjusted_X,Adjusted_Y,Adjusted_Z,Slice_Index
10.338529586791992,0.3391270637512207,0.02524708025157452,2
10.489328384399414,0.34979188442230225,0.05161390081048012,2
10.584484100341797,0.3398929834365845,0.03501300886273384,2
10.650787353515623,0.33745408058166504,0.029153019189834595,2
10.688394546508787,0.3400418758392334,0.03794203326106072,2
