Adjusted_X,Adjusted_Y,Adjusted_Z,Slice_Index
37.24479293823242,7.484497994184494,0.05845000222325325,7
37.243919372558594,7.632103085517883,0.05600903555750847,7
37.32207107543945,7.815753042697906,0.05845000222325325,7
37.35713577270508,7.882958054542541,0.07016906887292862,7
