Adjusted_X,Adjusted_Y,Adjusted_Z,Slice_Index
37.41975402832031,-3.0268499851226807,0.06677097082138063,0
37.42868423461914,-3.041059970855713,0.060910981148481376,0
37.543792724609375,-3.0262050628662114,0.06725902855396271,0
37.62614822387695,-3.0271332263946533,0.06286400556564331,0
37.26734924316406,-2.5833399295806885,0.06186800077557564,0
