Adjusted_X,Adjusted_Y,Adjusted_Z,Slice_Index
1.2619889974594116,15.18955898284912,0.0473630353808403,12
1.2723939418792725,15.00899600982666,0.024902040138840675,12
1.2757470607757568,15.214799880981445,0.06884700804948808,12
1.2760800123214722,15.289580821990967,0.029785005375742912,12
1.279283046722412,15.206902980804445,0.04882800579071045,12
1.3009799718856812,15.075541973114015,0.030617987737059593,12
1.6918699741363523,14.9991192817688,0.05747297778725624,12
1.2742209434509275,15.318819046020508,0.11083894222974776,12
