Adjusted_X,Adjusted_Y,Adjusted_Z,Slice_Index
11.871589660644533,13.136529922485352,0.02622296847403049,12
11.88129425048828,13.176286935806274,0.027199992910027504,12
11.889911651611328,13.003830909729006,0.07065701484680176,12
11.890022277832033,13.071357011795044,0.04331294447183609,12
12.048519134521484,13.060984134674072,0.05552006885409355,12
12.05916976928711,13.130452156066895,0.035989008843898766,12
12.068828582763672,13.17402410507202,0.027199992910027504,12
12.148667335510256,13.09259796142578,0.06186800077557564,12
12.193248748779295,13.117841005325316,0.05747297778725624,12
