Adjusted_X,Adjusted_Y,Adjusted_Z,Slice_Index
49.29395294189453,8.684223890304565,0.0828840360045433,6
