Adjusted_X,Adjusted_Y,Adjusted_Z,Slice_Index
37.2640495300293,15.048603773117065,0.056496977806091316,12
37.4434700012207,15.22671103477478,0.11462198942899705,12
37.417572021484375,15.390828847885132,0.06774697452783585,12
37.42876434326172,15.370209217071533,0.05456407368183136,12
37.5435676574707,15.359112024307251,0.06725902855396271,12
37.55479431152344,15.422647953033447,0.06970000267028809,12
37.56548690795898,15.386828899383545,0.07116496562957764,12
37.628509521484375,15.386726140975952,0.05895795673131943,12
