Adjusted_X,Adjusted_Y,Adjusted_Z,Slice_Index
20.887279510498047,12.673115730285645,0.040403012186288834,10
20.93302726745605,12.633852005004885,0.03893895447254181,10
21.06892967224121,12.635643005371096,0.039915069937706,10
20.790119171142575,12.761801958084106,0.07749300450086594,10
20.9068546295166,12.766484022140505,0.08139905333518982,10
21.078990936279297,13.066391944885256,0.07993397116661073,10
21.08145904541016,13.053729057312012,0.08188802003860474,10
21.136234283447266,12.767860174179075,0.07309810072183609,10
