Adjusted_X,Adjusted_Y,Adjusted_Z,Slice_Index
11.750597953796387,4.1429910361766815,0.030149938538670536,6
11.87140941619873,4.1466599851846695,0.030637996271252632,6
11.993267059326172,4.141590014100076,0.03161399811506272,6
12.105128288269045,4.145962014794351,0.031126055866479874,6
12.180320739746096,4.1376319974660865,0.04382101073861122,6
12.23208236694336,4.21460697054863,0.03405599296092987,6
12.23437213897705,4.458254992961884,0.030617987737059593,6
