Adjusted_X,Adjusted_Y,Adjusted_Z,Slice_Index
2.883625030517578,10.714754819869997,0.01548092719167471,9
2.949059009552002,10.66597592830658,0.027199992910027504,9
3.053251981735229,10.709394097328186,0.017433952540159225,9
3.1041970252990723,10.674569129943848,0.021828971803188324,9
3.2049560546875,10.722758889198305,0.016946008428931236,9
