Adjusted_X,Adjusted_Y,Adjusted_Z,Slice_Index
4.266007900238037,15.117139101028442,0.019875945523381237,12
4.611349105834961,15.1045560836792,0.03745397925376892,12
