Adjusted_X,Adjusted_Y,Adjusted_Z,Slice_Index
1.279688000679016,-2.871926069259644,0.08740194886922836,0
1.592931032180786,-2.9845011234283447,-0.014161096885800362,0
1.6217809915542605,-2.9611380100250244,-0.01318395882844925,0
1.6276490688323977,-3.098052978515625,-0.011231046169996263,0
1.6861859560012815,-2.926023006439209,-0.010742989368736744,0
1.6964010000228882,-2.897387981414795,-0.010742989368736744,0
1.2777719497680664,-2.812551975250244,0.06689409166574478,0
1.280245065689087,-2.6267669200897217,0.026367010548710827,0
1.7161290645599363,-2.64382004737854,0.017433952540159225,0
