Adjusted_X,Adjusted_Y,Adjusted_Z,Slice_Index
5.899153709411621,14.144285917282104,0.024269942194223404,11
