Adjusted_X,Adjusted_Y,Adjusted_Z,Slice_Index
43.59138870239258,11.776757955551147,0.07800095528364183,9
43.69259262084961,11.77330994606018,0.08239597827196121,9
