Adjusted_X,Adjusted_Y,Adjusted_Z,Slice_Index
37.28050231933594,4.5812329947948465,0.06089097261428832,5
37.28197860717773,4.608823001384735,0.06089097261428832,5
37.28321838378906,4.8186020106077185,0.0599149726331234,5
37.34142303466797,4.5234589874744415,0.06968101114034653,5
37.46900177001953,4.520709007978438,0.06870398670434953,5
37.59451675415039,4.518123000860213,0.06821604073047638,5
37.73571014404297,4.516728013753892,0.06577405333518982,5
37.28182601928711,4.937503010034562,0.05893794819712639,5
