Adjusted_X,Adjusted_Y,Adjusted_Z,Slice_Index
23.80519676208496,11.117889165878296,0.0721219852566719,9
23.893798828125,11.117161989212036,0.07309810072183609,9
23.944169998168945,11.119091987609863,0.07163403928279878,9
24.043720245361328,11.107808828353882,0.04917293041944504,9
