Adjusted_X,Adjusted_Y,Adjusted_Z,Slice_Index
25.28603935241699,11.112313032150269,0.0535869374871254,9
25.4016056060791,11.115355968475342,0.07262993603944777,9
25.51593589782715,11.107068061828613,0.04968099668622017,9
25.72948837280273,11.114188194274902,0.06530600041151048,9
25.25619888305664,11.587744951248169,0.07409501820802689,9
25.29169464111328,11.59430694580078,0.070188969373703,9
