Adjusted_X,Adjusted_Y,Adjusted_Z,Slice_Index
40.52313232421875,5.996501088142395,0.06240710243582725,6
40.72858428955078,6.109073877334595,0.06970000267028809,6
