Adjusted_X,Adjusted_Y,Adjusted_Z,Slice_Index
51.02106475830078,4.5540289878845215,0.08044306188821793,3
51.04513549804688,4.569454908370972,0.0819070115685463,3
51.13105010986328,4.6094610691070566,0.07409501820802689,3
