Adjusted_X,Adjusted_Y,Adjusted_Z,Slice_Index
5.766613006591798,12.766461849212645,0.07065701484680176,10
5.783127784729004,12.760662078857422,0.05014893040060997,10
5.8414411544799805,12.762315034866333,0.07700494676828384,10
5.884880065917969,12.76859998703003,0.06528599560260773,10
5.956212043762207,12.764034748077393,0.07944591343402863,10
5.966999053955077,13.046833038330078,0.05014893040060997,10
5.980731010437013,12.763148069381714,0.05893794819712639,10
5.997725963592528,12.759042263031006,0.07993397116661073,10
6.045822143554688,12.762884140014648,0.05307898297905922,10
