Adjusted_X,Adjusted_Y,Adjusted_Z,Slice_Index
16.301239013671875,14.105610132217407,0.04917293041944504,11
16.325462341308597,14.11859893798828,0.06821604073047638,11
16.461652755737305,14.035863876342773,0.08042305707931519,11
16.463977813720707,14.065464735031128,0.05259104073047638,11
