Original_X,Original_Y,Original_Z,Adjusted_X,Adjusted_Y,Adjusted_Z,Slice_Index
-9.879692077636719,0.6321921944618225,0.13969002664089203,-9.879692077636719,20.632192194461823,0.13969002664089203,20
-9.800056457519531,0.6129879951477051,0.13957999646663666,-9.800056457519531,20.612987995147705,0.13957999646663666,20
-9.905418395996094,0.4963562488555908,0.13985000550746918,-9.905418395996094,20.49635624885559,0.13985000550746918,20
-9.824481964111328,0.4819527864456177,0.14011000096797943,-9.824481964111328,20.481952786445618,0.14011000096797943,20
-9.832435607910156,0.473346471786499,0.1397399753332138,-9.832435607910156,20.4733464717865,0.1397399753332138,20
