Original_X,Original_Y,Original_Z,Adjusted_X,Adjusted_Y,Adjusted_Z,Slice_Index
-55.55312728881836,-0.378329336643219,0.0736600011587143,-55.55312728881836,14.621670663356781,0.0736600011587143,15
