Original_X,Original_Y,Original_Z,Adjusted_X,Adjusted_Y,Adjusted_Z,Slice_Index
-56.71467208862305,-2.995053291320801,0.12058000266551971,-56.71467208862305,-0.9950532913208008,0.12058000266551971,2
-56.6193962097168,-2.96148943901062,0.12077997624874115,-56.6193962097168,-0.9614894390106201,0.12077997624874115,2
-56.63703536987305,-2.972775459289551,0.12047998607158661,-56.63703536987305,-0.9727754592895508,0.12047998607158661,2
-56.60792922973633,-3.0669009685516357,0.1199599951505661,-56.60792922973633,-1.0669009685516357,0.1199599951505661,2
-56.62493896484375,-3.078447103500366,0.11963997781276703,-56.62493896484375,-1.0784471035003662,0.11963997781276703,2
-56.69843292236328,-3.113564968109131,0.11901001632213593,-56.69843292236328,-1.1135649681091309,0.11901001632213593,2
-56.76566696166992,-3.1508336067199707,0.1181899756193161,-56.76566696166992,-1.1508336067199707,0.1181899756193161,2
