Original_X,Original_Y,Original_Z,Adjusted_X,Adjusted_Y,Adjusted_Z,Slice_Index
-51.97219467163086,-1.567484736442566,0.08310000598430634,-51.97219467163086,7.432515263557434,0.08310000598430634,9
-51.85206604003906,-1.5591844320297241,0.08214996755123138,-51.85206604003906,7.440815567970276,0.08214996755123138,9
-51.92890167236328,-1.6253747940063477,0.13025997579097748,-51.92890167236328,7.374625205993652,0.13025997579097748,9
-51.90888214111328,-1.6327379941940308,0.13050000369548798,-51.90888214111328,7.367262005805969,0.13050000369548798,9
-51.89289474487305,-1.6349705457687378,0.13059000670909882,-51.89289474487305,7.365029454231262,0.13059000670909882,9
-51.855247497558594,-1.6537240743637085,0.13043998181819916,-51.855247497558594,7.3462759256362915,0.13043998181819916,9
-51.8265266418457,-1.6468218564987183,0.13123999536037445,-51.8265266418457,7.353178143501282,0.13123999536037445,9
-51.83131408691406,-1.6691067218780518,0.13059000670909882,-51.83131408691406,7.330893278121948,0.13059000670909882,9
