Original_X,Original_Y,Original_Z,Adjusted_X,Adjusted_Y,Adjusted_Z,Slice_Index
14.113410949707031,0.2408892959356308,0.10541002452373505,14.113410949707031,19.24088929593563,0.10541002452373505,19
