Original_X,Original_Y,Original_Z,Adjusted_X,Adjusted_Y,Adjusted_Z,Slice_Index
-9.96319580078125,-1.4328246116638184,0.1400899738073349,-9.96319580078125,8.567175388336182,0.1400899738073349,10
-9.89129638671875,-1.4459999799728394,0.14044998586177826,-9.89129638671875,8.55400002002716,0.14044998586177826,10
-9.959293365478516,-1.4930107593536377,0.13592998683452606,-9.959293365478516,8.506989240646362,0.13592998683452606,10
-9.842487335205078,-1.4564951658248901,0.14056997001171112,-9.842487335205078,8.54350483417511,0.14056997001171112,10
-9.965373992919922,-1.5404560565948486,0.10097001492977142,-9.965373992919922,8.459543943405151,0.10097001492977142,10
-9.931819915771484,-1.538996696472168,0.10147999227046967,-9.931819915771484,8.461003303527832,0.10147999227046967,10
-9.78561019897461,-1.4959882497787476,0.10124002397060394,-9.78561019897461,8.504011750221252,0.10124002397060394,10
-9.88104248046875,-1.5412840843200684,0.1019199937582016,-9.88104248046875,8.458715915679932,0.1019199937582016,10
-9.819644927978516,-1.5244982242584229,0.10176996886730194,-9.819644927978516,8.475501775741577,0.10176996886730194,10
