Original_X,Original_Y,Original_Z,Adjusted_X,Adjusted_Y,Adjusted_Z,Slice_Index
-55.55860900878906,-0.6218093633651733,0.07274000346660614,-55.55860900878906,13.378190636634827,0.07274000346660614,14
-55.57563781738281,-0.6297796964645386,0.07267998158931732,-55.57563781738281,13.370220303535461,0.07267998158931732,14
-55.557708740234375,-0.6944738626480103,0.11955998837947845,-55.557708740234375,13.30552613735199,0.11955998837947845,14
-55.56675720214844,-0.7083605527877808,0.11903999745845795,-55.56675720214844,13.29163944721222,0.11903999745845795,14
