Original_X,Original_Y,Original_Z,Adjusted_X,Adjusted_Y,Adjusted_Z,Slice_Index
-62.74006652832031,-1.9913253784179688,0.07410000264644623,-62.74006652832031,5.008674621582031,0.07410000264644623,7
-62.615135192871094,-1.9684717655181885,0.11613999307155609,-62.615135192871094,5.0315282344818115,0.11613999307155609,7
-62.62364959716797,-1.9772332906723022,0.11587999761104584,-62.62364959716797,5.022766709327698,0.11587999761104584,7
-62.633575439453125,-1.9992550611495972,0.1150200217962265,-62.633575439453125,5.000744938850403,0.1150200217962265,7
-62.71936798095703,-2.0593502521514893,0.07536999881267548,-62.71936798095703,4.940649747848511,0.07536999881267548,7
-62.61732482910156,-2.0755434036254883,0.11682997643947601,-62.61732482910156,4.924456596374512,0.11682997643947601,7
-62.622474670410156,-2.1349093914031982,0.07665000855922699,-62.622474670410156,4.865090608596802,0.07665000855922699,7
-62.63762664794922,-2.1460201740264893,0.07728998363018036,-62.63762664794922,4.853979825973511,0.07728998363018036,7
