Original_X,Original_Y,Original_Z,Adjusted_X,Adjusted_Y,Adjusted_Z,Slice_Index
3.234760284423828,2.497148275375366,0.10277001559734344,3.234760284423828,32.497148275375366,0.10277001559734344,30
3.3074378967285156,2.5263006687164307,0.10339002311229706,3.3074378967285156,32.52630066871643,0.10339002311229706,30
3.2737808227539062,2.500178813934326,0.1032399982213974,3.2737808227539062,32.500178813934326,0.1032399982213974,30
3.268756866455078,2.489784002304077,0.10356001555919647,3.268756866455078,32.48978400230408,0.10356001555919647,30
3.297637939453125,2.5005416870117188,0.10365001857280731,3.297637939453125,32.50054168701172,0.10365001857280731,30
3.417987823486328,2.593975067138672,0.1028899997472763,3.417987823486328,32.59397506713867,0.1028899997472763,30
3.3971939086914062,2.5798110961914062,0.10311000049114227,3.3971939086914062,32.579811096191406,0.10311000049114227,30
