Original_X,Original_Y,Original_Z,Adjusted_X,Adjusted_Y,Adjusted_Z,Slice_Index
-3.832904815673828,-0.5515249967575073,0.10119001567363739,-3.832904815673828,12.448475003242493,0.10119001567363739,15
