Original_X,Original_Y,Original_Z,Adjusted_X,Adjusted_Y,Adjusted_Z,Slice_Index
-8.729339599609375,0.28661254048347473,0.13898001611232758,-8.729339599609375,19.286612540483475,0.13898001611232758,19
-8.69302749633789,0.2821342945098877,0.13920997083187103,-8.69302749633789,19.282134294509888,0.13920997083187103,19
-8.680416107177734,0.2793363928794861,0.1392199844121933,-8.680416107177734,19.279336392879486,0.1392199844121933,19
