Original_X,Original_Y,Original_Z,Adjusted_X,Adjusted_Y,Adjusted_Z,Slice_Index
4.449550628662109,2.3101255893707275,0.102339968085289,4.449550628662109,31.310125589370728,0.102339968085289,29
4.429050445556641,2.2876524925231934,0.10220997035503387,4.429050445556641,31.287652492523193,0.10220997035503387,29
4.5063934326171875,2.351304769515991,0.10207997262477875,4.5063934326171875,31.35130476951599,0.10207997262477875,29
4.588420867919922,2.3729758262634277,0.10234998166561127,4.588420867919922,31.372975826263428,0.10234998166561127,29
4.575927734375,2.3633108139038086,0.10229001939296722,4.575927734375,31.36331081390381,0.10229001939296722,29
4.574089050292969,2.3482508659362793,0.10291998088359833,4.574089050292969,31.34825086593628,0.10291998088359833,29
4.470508575439453,2.3000359535217285,0.10251997411251068,4.470508575439453,31.30003595352173,0.10251997411251068,29
4.484775543212891,2.293355703353882,0.10311000049114227,4.484775543212891,31.293355703353882,0.10311000049114227,29
