Original_X,Original_Y,Original_Z,Adjusted_X,Adjusted_Y,Adjusted_Z,Slice_Index
-18.32400894165039,-0.1656583547592163,0.09383998811244965,-18.32400894165039,15.834341645240784,0.09383998811244965,16
-18.267921447753906,-0.16602693498134613,0.09480999410152435,-18.267921447753906,15.833973065018654,0.09480999410152435,16
-18.276264190673828,-0.1789204180240631,0.09495000541210175,-18.276264190673828,15.821079581975937,0.09495000541210175,16
-18.323917388916016,-0.2850764989852905,0.09695999324321747,-18.323917388916016,15.71492350101471,0.09695999324321747,16
-18.315616607666016,-0.30803969502449036,0.0972999781370163,-18.315616607666016,15.69196030497551,0.0972999781370163,16
