Original_X,Original_Y,Original_Z,Adjusted_X,Adjusted_Y,Adjusted_Z,Slice_Index
-21.80029296875,-1.1760711669921875,0.0979599803686142,-21.80029296875,9.823928833007812,0.0979599803686142,11
-21.954879760742188,-1.24451744556427,0.13670997321605682,-21.954879760742188,9.75548255443573,0.13670997321605682,11
-21.878524780273438,-1.2542471885681152,0.13669000566005707,-21.878524780273438,9.745752811431885,0.13669000566005707,11
-21.77770233154297,-1.256040334701538,0.13724999129772186,-21.77770233154297,9.743959665298462,0.13724999129772186,11
-21.902076721191406,-1.3543866872787476,0.13710997998714447,-21.902076721191406,9.645613312721252,0.13710997998714447,11
-21.850589752197266,-1.3549185991287231,0.14697997272014618,-21.850589752197266,9.645081400871277,0.14697997272014618,11
