Original_X,Original_Y,Original_Z,Adjusted_X,Adjusted_Y,Adjusted_Z,Slice_Index
-57.82120132446289,2.4434635639190674,0.07558999955654144,-57.82120132446289,31.443463563919067,0.07558999955654144,29
-57.81462097167969,2.436523199081421,0.0757099837064743,-57.81462097167969,31.43652319908142,0.0757099837064743,29
-57.892032623291016,2.3927669525146484,0.08566997945308685,-57.892032623291016,31.39276695251465,0.08566997945308685,29
-57.788429260253906,2.4147560596466064,0.07613001763820648,-57.788429260253906,31.414756059646606,0.07613001763820648,29
-57.95815658569336,2.3423233032226562,0.07586000859737396,-57.95815658569336,31.342323303222656,0.07586000859737396,29
-57.8008918762207,2.3681328296661377,0.08409999310970306,-57.8008918762207,31.368132829666138,0.08409999310970306,29
-57.82191848754883,2.3342812061309814,0.08501999080181122,-57.82191848754883,31.33428120613098,0.08501999080181122,29
-57.88359832763672,2.2984163761138916,0.07637999951839447,-57.88359832763672,31.29841637611389,0.07637999951839447,29
-57.811397552490234,2.2848246097564697,0.0760599821805954,-57.811397552490234,31.28482460975647,0.0760599821805954,29
