Original_X,Original_Y,Original_Z,Adjusted_X,Adjusted_Y,Adjusted_Z,Slice_Index
0.9597358703613281,-0.6294915080070496,0.10704998672008514,0.9597358703613281,13.37050849199295,0.10704998672008514,14
0.9704971313476562,-0.650177538394928,0.1074099987745285,0.9704971313476562,13.349822461605072,0.1074099987745285,14
0.9949798583984375,-0.6584296822547913,0.10726998746395111,0.9949798583984375,13.341570317745209,0.10726998746395111,14
1.0062332153320312,-0.7206799983978271,0.10287998616695404,1.0062332153320312,13.279320001602173,0.10287998616695404,14
0.9518318176269531,-0.7474169135093689,0.10286997258663177,0.9518318176269531,13.252583086490631,0.10286997258663177,14
0.8334503173828125,-0.8048570156097412,0.10738997161388397,0.8334503173828125,13.195142984390259,0.10738997161388397,14
0.9659652709960938,-0.7540754079818726,0.10330997407436371,0.9659652709960938,13.245924592018127,0.10330997407436371,14
1.0032272338867188,-0.7579131126403809,0.1411599963903427,1.0032272338867188,13.24208688735962,0.1411599963903427,14
