Original_X,Original_Y,Original_Z,Adjusted_X,Adjusted_Y,Adjusted_Z,Slice_Index
-51.788856506347656,-0.16282391548156738,0.12929998338222504,-51.788856506347656,15.837176084518433,0.12929998338222504,16
-51.924251556396484,-0.25217995047569275,0.08097998797893524,-51.924251556396484,15.747820049524307,0.08097998797893524,16
-51.86259841918945,-0.24229103326797485,0.08035002648830414,-51.86259841918945,15.757708966732025,0.08035002648830414,16
-51.93198776245117,-0.3175528049468994,0.12932001054286957,-51.93198776245117,15.6824471950531,0.12932001054286957,16
-51.820369720458984,-0.286400705575943,0.08122996985912323,-51.820369720458984,15.713599294424057,0.08122996985912323,16
-51.882747650146484,-0.3183112144470215,0.13038001954555511,-51.882747650146484,15.681688785552979,0.13038001954555511,16
-51.83597183227539,-0.329648494720459,0.1304200142621994,-51.83597183227539,15.670351505279541,0.1304200142621994,16
