Original_X,Original_Y,Original_Z,Adjusted_X,Adjusted_Y,Adjusted_Z,Slice_Index
-59.097259521484375,2.8018431663513184,0.06696002185344696,-59.097259521484375,33.80184316635132,0.06696002185344696,31
-59.09575653076172,2.779661178588867,0.05891000106930733,-59.09575653076172,33.77966117858887,0.05891000106930733,31
-59.096275329589844,2.778254985809326,0.04997001960873604,-59.096275329589844,33.778254985809326,0.04997001960873604,31
-59.09497833251953,2.721168279647827,0.047280002385377884,-59.09497833251953,33.72116827964783,0.047280002385377884,31
-59.05316925048828,2.6367955207824707,0.07637999951839447,-59.05316925048828,33.63679552078247,0.07637999951839447,31
-58.98875427246094,2.6173596382141113,0.07648997008800507,-58.98875427246094,33.61735963821411,0.07648997008800507,31
