Original_X,Original_Y,Original_Z,Adjusted_X,Adjusted_Y,Adjusted_Z,Slice_Index
-36.32396697998047,-2.3981707096099854,0.09144000709056854,-36.32396697998047,2.6018292903900146,0.09144000709056854,5
-36.36764144897461,-2.4821486473083496,0.13059000670909882,-36.36764144897461,2.5178513526916504,0.13059000670909882,5
-36.328006744384766,-2.4670135974884033,0.1380699723958969,-36.328006744384766,2.5329864025115967,0.1380699723958969,5
-36.27108383178711,-2.479203462600708,0.13910000026226044,-36.27108383178711,2.520796537399292,0.13910000026226044,5
-36.26266098022461,-2.505556583404541,0.1385199874639511,-36.26266098022461,2.494443416595459,0.1385199874639511,5
-36.183837890625,-2.559256076812744,0.13868002593517303,-36.183837890625,2.440743923187256,0.13868002593517303,5
