Original_X,Original_Y,Original_Z,Adjusted_X,Adjusted_Y,Adjusted_Z,Slice_Index
-17.042884826660156,-0.28991812467575073,0.13718001544475555,-17.042884826660156,15.71008187532425,0.13718001544475555,16
-16.982097625732422,-0.2921636402606964,0.1376499980688095,-16.982097625732422,15.707836359739304,0.1376499980688095,16
