Original_X,Original_Y,Original_Z,Adjusted_X,Adjusted_Y,Adjusted_Z,Slice_Index
-19.459293365478516,-0.18418316543102264,0.09873001277446747,-19.459293365478516,15.815816834568977,0.09873001277446747,16
-19.41192626953125,-0.19898846745491028,0.09294997155666351,-19.41192626953125,15.80101153254509,0.09294997155666351,16
-19.402042388916016,-0.17837829887866974,0.09278999269008636,-19.402042388916016,15.82162170112133,0.09278999269008636,16
-19.491146087646484,-0.27190330624580383,0.09286998212337494,-19.491146087646484,15.728096693754196,0.09286998212337494,16
-19.556259155273438,-0.310359388589859,0.0962899774312973,-19.556259155273438,15.689640611410141,0.0962899774312973,16
-19.56063461303711,-0.31962886452674866,0.09645001590251923,-19.56063461303711,15.680371135473251,0.09645001590251923,16
-19.42104721069336,-0.2625095844268799,0.09410999715328217,-19.42104721069336,15.73749041557312,0.09410999715328217,16
-19.460201263427734,-0.3123946189880371,0.09387998282909393,-19.460201263427734,15.687605381011963,0.09387998282909393,16
-19.414775848388672,-0.3518368601799011,0.09834997355937958,-19.414775848388672,15.648163139820099,0.09834997355937958,16
