Original_X,Original_Y,Original_Z,Adjusted_X,Adjusted_Y,Adjusted_Z,Slice_Index
-15.924102783203125,0.3906916081905365,0.13850001990795135,-15.924102783203125,19.390691608190536,0.13850001990795135,19
-15.869701385498047,0.3625636100769043,0.13781999051570892,-15.869701385498047,19.362563610076904,0.13781999051570892,19
-15.840831756591797,0.36274224519729614,0.13788001239299774,-15.840831756591797,19.362742245197296,0.13788001239299774,19
-15.791301727294922,0.3534235954284668,0.13796000182628632,-15.791301727294922,19.353423595428467,0.13796000182628632,19
-15.92877197265625,0.27416086196899414,0.1397799700498581,-15.92877197265625,19.274160861968994,0.1397799700498581,19
-15.919689178466797,0.2502249479293823,0.1387600153684616,-15.919689178466797,19.250224947929382,0.1387600153684616,19
