Original_X,Original_Y,Original_Z,Adjusted_X,Adjusted_Y,Adjusted_Z,Slice_Index
-0.3599510192871094,-1.1648880243301392,0.10739998519420624,-0.3599510192871094,9.83511197566986,0.10739998519420624,11
-0.3379173278808594,-1.2054753303527832,0.10773997008800507,-0.3379173278808594,9.794524669647217,0.10773997008800507,11
-0.3169403076171875,-1.232927680015564,0.10845999419689178,-0.3169403076171875,9.767072319984436,0.10845999419689178,11
-0.29901885986328125,-1.2270219326019287,0.10858999192714691,-0.29901885986328125,9.772978067398071,0.10858999192714691,11
-0.279266357421875,-1.2506976127624512,0.10874001681804657,-0.279266357421875,9.749302387237549,0.10874001681804657,11
-0.1947021484375,-1.2899296283721924,0.10882000625133514,-0.1947021484375,9.710070371627808,0.10882000625133514,11
-0.22711181640625,-1.305741548538208,0.10920999944210052,-0.22711181640625,9.694258451461792,0.10920999944210052,11
-0.20073699951171875,-1.3217376470565796,0.14254997670650482,-0.20073699951171875,9.67826235294342,0.14254997670650482,11
-0.18556594848632812,-1.3318428993225098,0.14254002273082733,-0.18556594848632812,9.66815710067749,0.14254002273082733,11
