Original_X,Original_Y,Original_Z,Adjusted_X,Adjusted_Y,Adjusted_Z,Slice_Index
-6.352851867675781,-0.02322349138557911,0.13569001853466034,-6.352851867675781,16.97677650861442,0.13569001853466034,17
-6.3388214111328125,-0.018140416592359543,0.13600002229213715,-6.3388214111328125,16.98185958340764,0.13600002229213715,17
-6.272212982177734,-0.03275902569293976,0.13625000417232513,-6.272212982177734,16.96724097430706,0.13625000417232513,17
-6.259090423583984,-0.031534720212221146,0.13645999133586884,-6.259090423583984,16.96846527978778,0.13645999133586884,17
-6.237068176269531,-0.04265597090125084,0.13623999059200287,-6.237068176269531,16.95734402909875,0.13623999059200287,17
-6.274990081787109,-0.13286693394184113,0.1381000131368637,-6.274990081787109,16.86713306605816,0.1381000131368637,17
-6.249809265136719,-0.13587218523025513,0.1382800191640854,-6.249809265136719,16.864127814769745,0.1382800191640854,17
-6.237377166748047,-0.13750973343849182,0.13836000859737396,-6.237377166748047,16.862490266561508,0.13836000859737396,17
-6.213573455810547,-0.1439211070537567,0.13837997615337372,-6.213573455810547,16.856078892946243,0.13837997615337372,17
