Original_X,Original_Y,Original_Z,Adjusted_X,Adjusted_Y,Adjusted_Z,Slice_Index
-7.485240936279297,0.7689420580863953,0.09672002494335175,-7.485240936279297,21.768942058086395,0.09672002494335175,21
-7.571903228759766,0.7185445427894592,0.13992999494075775,-7.571903228759766,21.71854454278946,0.13992999494075775,21
-7.560420989990234,0.6765961050987244,0.11195997893810272,-7.560420989990234,21.676596105098724,0.11195997893810272,21
-7.488658905029297,0.7028137445449829,0.14014999568462372,-7.488658905029297,21.702813744544983,0.14014999568462372,21
-7.482059478759766,0.7012509703636169,0.14023999869823456,-7.482059478759766,21.701250970363617,0.14023999869823456,21
-7.462711334228516,0.7002671957015991,0.1403999775648117,-7.462711334228516,21.7002671957016,0.1403999775648117,21
-7.385528564453125,0.6979370713233948,0.1408899873495102,-7.385528564453125,21.697937071323395,0.1408899873495102,21
-7.390586853027344,0.6933526992797852,0.1408899873495102,-7.390586853027344,21.693352699279785,0.1408899873495102,21
