Original_X,Original_Y,Original_Z,Adjusted_X,Adjusted_Y,Adjusted_Z,Slice_Index
-18.327056884765625,-0.6862161755561829,0.09768997132778168,-18.327056884765625,13.313783824443817,0.09768997132778168,14
-18.353904724121094,-0.708057701587677,0.09812997281551361,-18.353904724121094,13.291942298412323,0.09812997281551361,14
-18.263065338134766,-0.7036824226379395,0.09838001430034637,-18.263065338134766,13.29631757736206,0.09838001430034637,14
-18.248638153076172,-0.6993528604507446,0.0983000248670578,-18.248638153076172,13.300647139549255,0.0983000248670578,14
-18.282230377197266,-0.7263599038124084,0.09891001880168915,-18.282230377197266,13.273640096187592,0.09891001880168915,14
-18.178329467773438,-0.5728850960731506,0.1476600021123886,-18.178329467773438,13.42711490392685,0.1476600021123886,14
