Original_X,Original_Y,Original_Z,Adjusted_X,Adjusted_Y,Adjusted_Z,Slice_Index
-56.73825454711914,-3.217292308807373,0.12459997832775116,-56.73825454711914,-2.217292308807373,0.12459997832775116,1
-56.716880798339844,-3.2447214126586914,0.12406997382640839,-56.716880798339844,-2.2447214126586914,0.12406997382640839,1
-56.59492492675781,-3.208184242248535,0.11778996884822845,-56.59492492675781,-2.208184242248535,0.11778996884822845,1
-56.76310348510742,-3.285649299621582,0.12156997621059418,-56.76310348510742,-2.285649299621582,0.12156997621059418,1
-56.63513946533203,-3.247056484222412,0.11634998023509979,-56.63513946533203,-2.247056484222412,0.11634998023509979,1
-56.77158737182617,-3.349015712738037,0.11906997859477997,-56.77158737182617,-2.349015712738037,0.11906997859477997,1
-56.7032356262207,-3.327390432357788,0.11303000152111053,-56.7032356262207,-2.327390432357788,0.11303000152111053,1
