Original_X,Original_Y,Original_Z,Adjusted_X,Adjusted_Y,Adjusted_Z,Slice_Index
-3.91668701171875,3.027186632156372,0.11678998172283173,-3.91668701171875,32.02718663215637,0.11678998172283173,32
-3.8437957763671875,3.0266737937927246,0.11098997294902802,-3.8437957763671875,32.026673793792725,0.11098997294902802,32
-3.863933563232422,3.011558771133423,0.10259000957012177,-3.863933563232422,32.01155877113342,0.10259000957012177,32
-3.8168373107910156,3.0283241271972656,0.11265002191066742,-3.8168373107910156,32.028324127197266,0.11265002191066742,32
-3.7852210998535156,3.0222580432891846,0.1073400229215622,-3.7852210998535156,32.022258043289185,0.1073400229215622,32
