Original_X,Original_Y,Original_Z,Adjusted_X,Adjusted_Y,Adjusted_Z,Slice_Index
-17.13043212890625,-0.8802956938743591,0.13771001994609833,-17.13043212890625,12.11970430612564,0.13771001994609833,13
-17.124420166015625,-0.8794955611228943,0.1378999799489975,-17.124420166015625,12.120504438877106,0.1378999799489975,13
-17.008010864257812,-0.7761695384979248,0.13793997466564178,-17.008010864257812,12.223830461502075,0.13793997466564178,13
-17.11935043334961,-0.8701231479644775,0.13815997540950775,-17.11935043334961,12.129876852035522,0.13815997540950775,13
-17.074237823486328,-0.8875828981399536,0.1378300040960312,-17.074237823486328,12.112417101860046,0.1378300040960312,13
-17.068843841552734,-0.8930771350860596,0.13770000636577606,-17.068843841552734,12.10692286491394,0.13770000636577606,13
-17.02810287475586,-0.8902547359466553,0.13808999955654144,-17.02810287475586,12.109745264053345,0.13808999955654144,13
