Original_X,Original_Y,Original_Z,Adjusted_X,Adjusted_Y,Adjusted_Z,Slice_Index
-56.7724723815918,1.1929079294204712,0.07599000632762909,-56.7724723815918,24.19290792942047,0.07599000632762909,23
-56.711421966552734,1.184147834777832,0.0757400244474411,-56.711421966552734,24.184147834777832,0.0757400244474411,23
-56.70447540283203,1.1763862371444702,0.07579998672008514,-56.70447540283203,24.17638623714447,0.07579998672008514,23
-56.647186279296875,1.1442902088165283,0.07637999951839447,-56.647186279296875,24.14429020881653,0.07637999951839447,23
-56.60655975341797,1.1386221647262573,0.0761599987745285,-56.60655975341797,24.138622164726257,0.0761599987745285,23
-56.59598159790039,1.1417568922042847,0.07600997388362885,-56.59598159790039,24.141756892204285,0.07600997388362885,23
-56.581642150878906,1.1303356885910034,0.07619999349117279,-56.581642150878906,24.130335688591003,0.07619999349117279,23
