Original_X,Original_Y,Original_Z,Adjusted_X,Adjusted_Y,Adjusted_Z,Slice_Index
-36.353721618652344,0.7040395140647888,0.08446000516414642,-36.353721618652344,20.70403951406479,0.08446000516414642,21
-36.32573318481445,0.6920127272605896,0.08527998626232147,-36.32573318481445,20.69201272726059,0.08527998626232147,21
-36.32003402709961,0.6669580340385437,0.08543001115322113,-36.32003402709961,20.666958034038544,0.08543001115322113,21
