Original_X,Original_Y,Original_Z,Adjusted_X,Adjusted_Y,Adjusted_Z,Slice_Index
-15.950748443603516,-1.0008231401443481,0.139150008559227,-15.950748443603516,10.999176859855652,0.139150008559227,12
-15.892745971679688,-1.0393753051757812,0.13793997466564178,-15.892745971679688,10.960624694824219,0.13793997466564178,12
-15.858314514160156,-1.0382364988327026,0.1383100003004074,-15.858314514160156,10.961763501167297,0.1383100003004074,12
-15.820087432861328,-1.051824927330017,0.1379300206899643,-15.820087432861328,10.948175072669983,0.1379300206899643,12
-15.938034057617188,-1.1311964988708496,0.13860999047756195,-15.938034057617188,10.86880350112915,0.13860999047756195,12
-15.958271026611328,-1.1429113149642944,0.13793997466564178,-15.958271026611328,10.857088685035706,0.13793997466564178,12
-15.907222747802734,-1.1470993757247925,0.13819997012615204,-15.907222747802734,10.852900624275208,0.13819997012615204,12
-15.862342834472656,-1.1544708013534546,0.13825999200344086,-15.862342834472656,10.845529198646545,0.13825999200344086,12
-15.857002258300781,-1.153351068496704,0.13836000859737396,-15.857002258300781,10.846648931503296,0.13836000859737396,12
