Original_X,Original_Y,Original_Z,Adjusted_X,Adjusted_Y,Adjusted_Z,Slice_Index
-3.9350204467773438,-2.5990169048309326,0.15275000035762787,-3.9350204467773438,1.4009830951690674,0.15275000035762787,4
-3.8723182678222656,-2.6248984336853027,0.153919979929924,-3.8723182678222656,1.3751015663146973,0.153919979929924,4
-3.879894256591797,-2.6451785564422607,0.15334998071193695,-3.879894256591797,1.3548214435577393,0.15334998071193695,4
-3.86297607421875,-2.6502842903137207,0.15403001010417938,-3.86297607421875,1.3497157096862793,0.15403001010417938,4
-3.9307518005371094,-2.7082772254943848,0.138419970870018,-3.9307518005371094,1.2917227745056152,0.138419970870018,4
-3.8077430725097656,-2.695136547088623,0.15445999801158905,-3.8077430725097656,1.304863452911377,0.15445999801158905,4
