Original_X,Original_Y,Original_Z,Adjusted_X,Adjusted_Y,Adjusted_Z,Slice_Index
-51.822853088378906,1.6442668437957764,0.07850001752376556,-51.822853088378906,26.644266843795776,0.07850001752376556,25
-51.79127502441406,1.6351553201675415,0.07833002507686615,-51.79127502441406,26.63515532016754,0.07833002507686615,25
-51.944454193115234,1.5442792177200317,0.07781998813152313,-51.944454193115234,26.54427921772003,0.07781998813152313,25
-51.93458938598633,1.5455268621444702,0.07777999341487885,-51.93458938598633,26.54552686214447,0.07777999341487885,25
-51.897125244140625,1.5116965770721436,0.07854001224040985,-51.897125244140625,26.511696577072144,0.07854001224040985,25
-51.845802307128906,1.5201658010482788,0.07802002131938934,-51.845802307128906,26.52016580104828,0.07802002131938934,25
