Original_X,Original_Y,Original_Z,Adjusted_X,Adjusted_Y,Adjusted_Z,Slice_Index
-48.34703063964844,-0.4422038197517395,0.12486998736858368,-48.34703063964844,14.55779618024826,0.12486998736858368,15
-48.306007385253906,-0.4319615364074707,0.12500999867916107,-48.306007385253906,14.56803846359253,0.12500999867916107,15
-48.25692367553711,-0.41592225432395935,0.12554000318050385,-48.25692367553711,14.58407774567604,0.12554000318050385,15
-48.23705291748047,-0.42047834396362305,0.1249999850988388,-48.23705291748047,14.579521656036377,0.1249999850988388,15
-48.29893493652344,-0.44836220145225525,0.0834600180387497,-48.29893493652344,14.551637798547745,0.0834600180387497,15
-48.272972106933594,-0.4750951826572418,0.08393000066280365,-48.272972106933594,14.524904817342758,0.08393000066280365,15
-48.251670837402344,-0.4789683520793915,0.0839499682188034,-48.251670837402344,14.521031647920609,0.0839499682188034,15
-48.17778778076172,-0.5266721248626709,0.1254899948835373,-48.17778778076172,14.473327875137329,0.1254899948835373,15
-48.18104553222656,-0.4017115831375122,0.1253499835729599,-48.18104553222656,14.598288416862488,0.1253499835729599,15
