Original_X,Original_Y,Original_Z,Adjusted_X,Adjusted_Y,Adjusted_Z,Slice_Index
-50.61792755126953,-1.186193585395813,0.12146000564098358,-50.61792755126953,9.813806414604187,0.12146000564098358,11
-50.75384521484375,-1.314166784286499,0.1291400045156479,-50.75384521484375,9.685833215713501,0.1291400045156479,11
-50.598079681396484,-1.2547013759613037,0.12344001233577728,-50.598079681396484,9.745298624038696,0.12344001233577728,11
-50.726619720458984,-1.3107103109359741,0.13024000823497772,-50.726619720458984,9.689289689064026,0.13024000823497772,11
-50.607017517089844,-1.2663792371749878,0.12292002141475677,-50.607017517089844,9.733620762825012,0.12292002141475677,11
-50.61381530761719,-1.2921193838119507,0.12169001996517181,-50.61381530761719,9.70788061618805,0.12169001996517181,11
-50.69095993041992,-1.3497260808944702,0.12960998713970184,-50.69095993041992,9.65027391910553,0.12960998713970184,11
-50.64377212524414,-1.3380961418151855,0.13104002177715302,-50.64377212524414,9.661903858184814,0.13104002177715302,11
