Original_X,Original_Y,Original_Z,Adjusted_X,Adjusted_Y,Adjusted_Z,Slice_Index
-2.6563491821289062,0.7515308260917664,0.10040001571178436,-2.6563491821289062,21.751530826091766,0.10040001571178436,21
-2.6702499389648438,0.7427783012390137,0.10049997270107269,-2.6702499389648438,21.742778301239014,0.10049997270107269,21
-2.62249755859375,0.7396272420883179,0.1011500209569931,-2.62249755859375,21.739627242088318,0.1011500209569931,21
-2.608287811279297,0.7452190518379211,0.10112999379634857,-2.608287811279297,21.74521905183792,0.10112999379634857,21
