Original_X,Original_Y,Original_Z,Adjusted_X,Adjusted_Y,Adjusted_Z,Slice_Index
11.73297119140625,-3.167797327041626,0.14653001725673676,11.73297119140625,-2.167797327041626,0.14653001725673676,1
11.707096099853516,-3.1794872283935547,0.14051000773906708,11.707096099853516,-2.1794872283935547,0.14051000773906708,1
11.651237487792969,-3.2140352725982666,0.14055000245571136,11.651237487792969,-2.2140352725982666,0.14055000245571136,1
11.75448226928711,-3.1853437423706055,0.14622001349925995,11.75448226928711,-2.1853437423706055,0.14622001349925995,1
11.771766662597656,-3.206803560256958,0.17326001822948456,11.771766662597656,-2.206803560256958,0.17326001822948456,1
11.804107666015625,-3.220653772354126,0.14108000695705414,11.804107666015625,-2.220653772354126,0.14108000695705414,1
11.692146301269531,-3.2691903114318848,0.14645998179912567,11.692146301269531,-2.2691903114318848,0.14645998179912567,1
11.75777816772461,-3.2560083866119385,0.20332001149654388,11.75777816772461,-2.2560083866119385,0.20332001149654388,1
11.757438659667969,-3.2657809257507324,0.19443999230861664,11.757438659667969,-2.2657809257507324,0.19443999230861664,1
11.649112701416016,-3.3167076110839844,0.14108000695705414,11.649112701416016,-2.3167076110839844,0.14108000695705414,1
11.703704833984375,-3.2983784675598145,0.14034996926784515,11.703704833984375,-2.2983784675598145,0.14034996926784515,1
11.75616455078125,-3.2961506843566895,0.1832299679517746,11.75616455078125,-2.2961506843566895,0.1832299679517746,1
11.756011962890625,-3.3159656524658203,0.1876399964094162,11.756011962890625,-2.3159656524658203,0.1876399964094162,1
11.652244567871094,-3.359797477722168,0.14692001044750214,11.652244567871094,-2.359797477722168,0.14692001044750214,1
11.756721496582031,-3.3171329498291016,0.2023799866437912,11.756721496582031,-2.3171329498291016,0.2023799866437912,1
11.757793426513672,-3.3185927867889404,0.17831002175807953,11.757793426513672,-2.3185927867889404,0.17831002175807953,1
11.75689697265625,-3.3273746967315674,0.19697998464107513,11.75689697265625,-2.3273746967315674,0.19697998464107513,1
11.757843017578125,-3.3286497592926025,0.18806998431682587,11.757843017578125,-2.3286497592926025,0.18806998431682587,1
11.758590698242188,-3.330083131790161,0.191740021109581,11.758590698242188,-2.330083131790161,0.191740021109581,1
