Original_X,Original_Y,Original_Z,Adjusted_X,Adjusted_Y,Adjusted_Z,Slice_Index
-41.122352600097656,-1.1619794368743896,0.1284400075674057,-41.122352600097656,9.83802056312561,0.1284400075674057,11
-41.10030746459961,-1.1562817096710205,0.12851999700069427,-41.10030746459961,9.84371829032898,0.12851999700069427,11
-41.075721740722656,-1.1660702228546143,0.0884699672460556,-41.075721740722656,9.833929777145386,0.0884699672460556,11
-41.1561164855957,-1.2662594318389893,0.12897001206874847,-41.1561164855957,9.73374056816101,0.12897001206874847,11
-41.1434326171875,-1.278304934501648,0.12820999324321747,-41.1434326171875,9.721695065498352,0.12820999324321747,11
-41.08942794799805,-1.267295241355896,0.1285800188779831,-41.08942794799805,9.732704758644104,0.1285800188779831,11
-41.018882751464844,-1.2479983568191528,0.1292099803686142,-41.018882751464844,9.752001643180847,0.1292099803686142,11
