Original_X,Original_Y,Original_Z,Adjusted_X,Adjusted_Y,Adjusted_Z,Slice_Index
0.8508949279785156,-0.8180469274520874,0.1074099987745285,0.8508949279785156,12.181953072547913,0.1074099987745285,13
0.9210891723632812,-0.8512569069862366,0.10762999951839447,0.9210891723632812,12.148743093013763,0.10762999951839447,13
0.9681930541992188,-0.8594619035720825,0.10699997842311859,0.9681930541992188,12.140538096427917,0.10699997842311859,13
0.9756088256835938,-0.870557963848114,0.14192001521587372,0.9756088256835938,12.129442036151886,0.14192001521587372,13
1.0017166137695312,-0.905302107334137,0.1075199693441391,1.0017166137695312,12.094697892665863,0.1075199693441391,13
0.8236808776855469,-1.0113645792007446,0.10259000957012177,0.8236808776855469,11.988635420799255,0.10259000957012177,13
0.9318733215332031,-1.003709316253662,0.1413400024175644,0.9318733215332031,11.996290683746338,0.1413400024175644,13
0.9423980712890625,-1.0091791152954102,0.14127002656459808,0.9423980712890625,11.99082088470459,0.14127002656459808,13
0.960662841796875,-1.0123536586761475,0.1414400190114975,0.960662841796875,11.987646341323853,0.1414400190114975,13
