Original_X,Original_Y,Original_Z,Adjusted_X,Adjusted_Y,Adjusted_Z,Slice_Index
-56.74707794189453,2.8486664295196533,0.07491998374462128,-56.74707794189453,33.84866642951965,0.07491998374462128,31
-56.69340515136719,2.8399267196655273,0.074630007147789,-56.69340515136719,33.83992671966553,0.074630007147789,31
-56.693939208984375,2.810480833053589,0.07548998296260834,-56.693939208984375,33.81048083305359,0.07548998296260834,31
-56.654457092285156,2.793158531188965,0.07571999728679657,-56.654457092285156,33.793158531188965,0.07571999728679657,31
-56.76767349243164,2.6889688968658447,0.0760599821805954,-56.76767349243164,33.688968896865845,0.0760599821805954,31
-56.60700225830078,2.7502706050872803,0.07674001157283783,-56.60700225830078,33.75027060508728,0.07674001157283783,31
-56.5927619934082,2.733785629272461,0.07707999646663666,-56.5927619934082,33.73378562927246,0.07707999646663666,31
