Original_X,Original_Y,Original_Z,Adjusted_X,Adjusted_Y,Adjusted_Z,Slice_Index
-1.51275634765625,-0.9524655938148499,0.1520100086927414,-1.51275634765625,12.04753440618515,0.1520100086927414,13
