Original_X,Original_Y,Original_Z,Adjusted_X,Adjusted_Y,Adjusted_Z,Slice_Index
6.856975555419922,-2.384481191635132,0.14045999944210052,6.856975555419922,2.615518808364868,0.14045999944210052,5
6.888828277587891,-2.373143196105957,0.14007000625133514,6.888828277587891,2.626856803894043,0.14007000625133514,5
6.864509582519531,-2.38676381111145,0.14016000926494598,6.864509582519531,2.61323618888855,0.14016000926494598,5
6.994354248046875,-2.406249523162842,0.14601998031139374,6.994354248046875,2.593750476837158,0.14601998031139374,5
6.950344085693359,-2.4485132694244385,0.1405799835920334,6.950344085693359,2.5514867305755615,0.1405799835920334,5
6.842472076416016,-2.502378225326538,0.14096997678279877,6.842472076416016,2.497621774673462,0.14096997678279877,5
6.883476257324219,-2.4864614009857178,0.14069996774196625,6.883476257324219,2.5135385990142822,0.14069996774196625,5
6.828704833984375,-2.5234386920928955,0.14065001904964447,6.828704833984375,2.4765613079071045,0.14065001904964447,5
6.953540802001953,-2.5011649131774902,0.14653997123241425,6.953540802001953,2.4988350868225098,0.14653997123241425,5
