Original_X,Original_Y,Original_Z,Adjusted_X,Adjusted_Y,Adjusted_Z,Slice_Index
3.235157012939453,2.026592254638672,0.10178999602794647,3.235157012939453,29.026592254638672,0.10178999602794647,27
3.2508316040039062,1.8549082279205322,0.10184000432491302,3.2508316040039062,28.854908227920532,0.10184000432491302,27
3.3247032165527344,1.8782442808151245,0.10235999524593353,3.3247032165527344,28.878244280815125,0.10235999524593353,27
3.395641326904297,1.9071747064590454,0.10254000127315521,3.395641326904297,28.907174706459045,0.10254000127315521,27
