Original_X,Original_Y,Original_Z,Adjusted_X,Adjusted_Y,Adjusted_Z,Slice_Index
-0.1878662109375,1.8232555389404297,0.1014699786901474,-0.1878662109375,26.82325553894043,0.1014699786901474,26
-0.20003128051757812,1.8045694828033447,0.10215000808238983,-0.20003128051757812,26.804569482803345,0.10215000808238983,26
