Original_X,Original_Y,Original_Z,Adjusted_X,Adjusted_Y,Adjusted_Z,Slice_Index
-19.56406021118164,2.5772223472595215,0.09791998565196991,-19.56406021118164,27.57722234725952,0.09791998565196991,30
-19.537826538085938,2.5699996948242188,0.09748999774456024,-19.537826538085938,27.56999969482422,0.09748999774456024,30
-19.39090347290039,2.560690402984619,0.0871800035238266,-19.39090347290039,27.56069040298462,0.0871800035238266,30
-19.41000747680664,2.547800302505493,0.08698998391628265,-19.41000747680664,27.547800302505493,0.08698998391628265,30
-19.389877319335938,2.506955146789551,0.08824001252651215,-19.389877319335938,27.50695514678955,0.08824001252651215,30
-19.399398803710938,2.49389910697937,0.08765999972820282,-19.399398803710938,27.49389910697937,0.08765999972820282,30
-19.456520080566406,2.462475061416626,0.09807001054286957,-19.456520080566406,27.462475061416626,0.09807001054286957,30
-19.439804077148438,2.4472827911376953,0.09778998792171478,-19.439804077148438,27.447282791137695,0.09778998792171478,30
