Original_X,Original_Y,Original_Z,Adjusted_X,Adjusted_Y,Adjusted_Z,Slice_Index
-13.567646026611328,-2.591111183166504,0.13794998824596405,-13.567646026611328,1.408888816833496,0.13794998824596405,4
-13.482795715332031,-2.6092686653137207,0.138140007853508,-13.482795715332031,1.3907313346862793,0.138140007853508,4
-13.451622009277344,-2.61175274848938,0.13832996785640717,-13.451622009277344,1.3882472515106201,0.13832996785640717,4
-13.393779754638672,-2.6319916248321533,0.13816998898983002,-13.393779754638672,1.3680083751678467,0.13816998898983002,4
-13.516380310058594,-2.706949234008789,0.13761000335216522,-13.516380310058594,1.293050765991211,0.13761000335216522,4
-13.443859100341797,-2.682202100753784,0.14810000360012054,-13.443859100341797,1.3177978992462158,0.14810000360012054,4
-13.501216888427734,-2.706894874572754,0.13780997693538666,-13.501216888427734,1.293105125427246,0.13780997693538666,4
-13.430522918701172,-2.7207095623016357,0.13798998296260834,-13.430522918701172,1.2792904376983643,0.13798998296260834,4
