Original_X,Original_Y,Original_Z,Adjusted_X,Adjusted_Y,Adjusted_Z,Slice_Index
10.435684204101562,-1.3783166408538818,0.10432998836040497,10.435684204101562,8.621683359146118,0.10432998836040497,10
10.464096069335938,-1.4039567708969116,0.10537998378276825,10.464096069335938,8.596043229103088,0.10537998378276825,10
