Original_X,Original_Y,Original_Z,Adjusted_X,Adjusted_Y,Adjusted_Z,Slice_Index
9.254093170166016,-0.5906119346618652,0.10149000585079193,9.254093170166016,13.409388065338135,0.10149000585079193,14
9.232807159423828,-0.6263557076454163,0.10261999070644379,9.232807159423828,13.373644292354584,0.10261999070644379,14
9.363391876220703,-0.578626275062561,0.10259000957012177,9.363391876220703,13.421373724937439,0.10259000957012177,14
9.291397094726562,-0.6252585053443909,0.10282002389431,9.291397094726562,13.37474149465561,0.10282002389431,14
9.302330017089844,-0.7236284017562866,0.140950009226799,9.302330017089844,13.276371598243713,0.140950009226799,14
9.325008392333984,-0.7446511387825012,0.14034001529216766,9.325008392333984,13.255348861217499,0.14034001529216766,14
