Original_X,Original_Y,Original_Z,Adjusted_X,Adjusted_Y,Adjusted_Z,Slice_Index
-60.374267578125,1.5553028583526611,0.07613997161388397,-60.374267578125,26.55530285835266,0.07613997161388397,25
-60.341270446777344,1.533023715019226,0.07644997537136078,-60.341270446777344,26.533023715019226,0.07644997537136078,25
-60.33900451660156,1.5244919061660767,0.07669000327587128,-60.33900451660156,26.524491906166077,0.07669000327587128,25
-60.235382080078125,1.5586758852005005,0.1199599951505661,-60.235382080078125,26.5586758852005,0.1199599951505661,25
-60.26625061035156,1.5395748615264893,0.11953000724315643,-60.26625061035156,26.53957486152649,0.11953000724315643,25
-60.18206024169922,1.5677675008773804,0.11966000497341156,-60.18206024169922,26.56776750087738,0.11966000497341156,25
-60.25392150878906,1.4944572448730469,0.07658998668193817,-60.25392150878906,26.494457244873047,0.07658998668193817,25
-60.35200500488281,1.413320779800415,0.07502000033855438,-60.35200500488281,26.413320779800415,0.07502000033855438,25
-60.32147216796875,1.3899860382080078,0.07534001767635345,-60.32147216796875,26.389986038208008,0.07534001767635345,25
