Original_X,Original_Y,Original_Z,Adjusted_X,Adjusted_Y,Adjusted_Z,Slice_Index
14.028854370117188,-2.2765026092529297,0.15695999562740326,14.028854370117188,3.7234973907470703,0.15695999562740326,6
14.110992431640625,-2.2597992420196533,0.1188800185918808,14.110992431640625,3.7402007579803467,0.1188800185918808,6
14.106739044189453,-2.276289939880371,0.10564999282360077,14.106739044189453,3.723710060119629,0.10564999282360077,6
14.02651596069336,-2.3272604942321777,0.15584997832775116,14.02651596069336,3.6727395057678223,0.15584997832775116,6
14.032955169677734,-2.355916738510132,0.15633998811244965,14.032955169677734,3.644083261489868,0.15633998811244965,6
14.105278015136719,-2.352701425552368,0.11392001807689667,14.105278015136719,3.647298574447632,0.11392001807689667,6
