Original_X,Original_Y,Original_Z,Adjusted_X,Adjusted_Y,Adjusted_Z,Slice_Index
-1.3784561157226562,0.02505953051149845,0.09671001136302948,-1.3784561157226562,17.0250595305115,0.09671001136302948,17
