Original_X,Original_Y,Original_Z,Adjusted_X,Adjusted_Y,Adjusted_Z,Slice_Index
-20.682693481445312,-1.1646833419799805,0.14767001569271088,-20.682693481445312,9.83531665802002,0.14767001569271088,11
-20.668766021728516,-1.2122445106506348,0.14711998403072357,-20.668766021728516,9.787755489349365,0.14711998403072357,11
-20.636455535888672,-1.2055312395095825,0.14732001721858978,-20.636455535888672,9.794468760490417,0.14732001721858978,11
-20.729167938232422,-1.2561427354812622,0.13742999732494354,-20.729167938232422,9.743857264518738,0.13742999732494354,11
-20.630516052246094,-1.221297264099121,0.14737002551555634,-20.630516052246094,9.778702735900879,0.14737002551555634,11
-20.596668243408203,-1.2083873748779297,0.14833997189998627,-20.596668243408203,9.79161262512207,0.14833997189998627,11
