Original_X,Original_Y,Original_Z,Adjusted_X,Adjusted_Y,Adjusted_Z,Slice_Index
12.826847076416016,-2.0782670974731445,0.15549002587795258,12.826847076416016,4.9217329025268555,0.15549002587795258,7
