Original_X,Original_Y,Original_Z,Adjusted_X,Adjusted_Y,Adjusted_Z,Slice_Index
-6.360034942626953,-1.815533995628357,0.14104001224040985,-6.360034942626953,6.184466004371643,0.14104001224040985,8
-6.307079315185547,-1.8313592672348022,0.14106999337673187,-6.307079315185547,6.168640732765198,0.14106999337673187,8
-6.295978546142578,-1.8705321550369263,0.102339968085289,-6.295978546142578,6.129467844963074,0.102339968085289,8
-6.310707092285156,-1.899499535560608,0.10312996804714203,-6.310707092285156,6.100500464439392,0.10312996804714203,8
-6.328483581542969,-1.918496012687683,0.1418199986219406,-6.328483581542969,6.081503987312317,0.1418199986219406,8
-6.218902587890625,-1.8894855976104736,0.1524600237607956,-6.218902587890625,6.110514402389526,0.1524600237607956,8
-6.210357666015625,-1.9053977727890015,0.1525299996137619,-6.210357666015625,6.0946022272109985,0.1525299996137619,8
-6.1787109375,-1.9573860168457031,0.1421699970960617,-6.1787109375,6.042613983154297,0.1421699970960617,8
