Original_X,Original_Y,Original_Z,Adjusted_X,Adjusted_Y,Adjusted_Z,Slice_Index
-57.906394958496094,0.9712921977043152,0.07385002076625824,-57.906394958496094,22.971292197704315,0.07385002076625824,22
-57.90541458129883,0.9407107830047607,0.07470999658107758,-57.90541458129883,22.94071078300476,0.07470999658107758,22
-57.96474838256836,0.8873091340065002,0.11677001416683197,-57.96474838256836,22.8873091340065,0.11677001416683197,22
-57.82693099975586,0.9032695293426514,0.0751899927854538,-57.82693099975586,22.90326952934265,0.0751899927854538,22
-57.82001876831055,0.9049838185310364,0.07499997317790985,-57.82001876831055,22.904983818531036,0.07499997317790985,22
