Original_X,Original_Y,Original_Z,Adjusted_X,Adjusted_Y,Adjusted_Z,Slice_Index
-51.89228439331055,1.231579065322876,0.07776002585887909,-51.89228439331055,24.231579065322876,0.07776002585887909,23
-51.95444107055664,1.11445951461792,0.07683996856212616,-51.95444107055664,24.11445951461792,0.07683996856212616,23
-51.896419525146484,1.0906779766082764,0.07720999419689178,-51.896419525146484,24.090677976608276,0.07720999419689178,23
-51.86240768432617,1.0967313051223755,0.07679001986980438,-51.86240768432617,24.096731305122375,0.07679001986980438,23
-51.88554763793945,1.0676119327545166,0.07788001000881195,-51.88554763793945,24.067611932754517,0.07788001000881195,23
-51.828102111816406,1.0711489915847778,0.07731001079082489,-51.828102111816406,24.071148991584778,0.07731001079082489,23
-51.81901931762695,1.0675075054168701,0.07745997607707977,-51.81901931762695,24.06750750541687,0.07745997607707977,23
-51.82524108886719,1.2401505708694458,0.07720999419689178,-51.82524108886719,24.240150570869446,0.07720999419689178,23
-51.80007553100586,1.2227662801742554,0.0773799866437912,-51.80007553100586,24.222766280174255,0.0773799866437912,23
