Original_X,Original_Y,Original_Z,Adjusted_X,Adjusted_Y,Adjusted_Z,Slice_Index
-31.5252685546875,0.014637542888522148,0.1294500082731247,-31.5252685546875,17.014637542888522,0.1294500082731247,17
-31.477298736572266,0.01994527503848076,0.12984000146389008,-31.477298736572266,17.01994527503848,0.12984000146389008,17
-31.400524139404297,0.01847376860678196,0.1297600120306015,-31.400524139404297,17.018473768606782,0.1297600120306015,17
-31.573883056640625,-0.07868960499763489,0.13088999688625336,-31.573883056640625,16.921310395002365,0.13088999688625336,17
-31.543651580810547,-0.06910397857427597,0.13152997195720673,-31.543651580810547,16.930896021425724,0.13152997195720673,17
-31.514236450195312,-0.07045389711856842,0.13148997724056244,-31.514236450195312,16.92954610288143,0.13148997724056244,17
-31.442623138427734,-0.0666784718632698,0.1316000074148178,-31.442623138427734,16.93332152813673,0.1316000074148178,17
-31.41878890991211,-0.06263205409049988,0.13189999759197235,-31.41878890991211,16.9373679459095,0.13189999759197235,17
-31.413162231445312,-0.06691489368677139,0.13161002099514008,-31.413162231445312,16.93308510631323,0.13161002099514008,17
