Original_X,Original_Y,Original_Z,Adjusted_X,Adjusted_Y,Adjusted_Z,Slice_Index
0.8743782043457031,-0.09693171083927155,0.10545997321605682,0.8743782043457031,16.90306828916073,0.10545997321605682,17
0.8706283569335938,-0.19978053867816925,0.09939001500606537,0.8706283569335938,16.80021946132183,0.09939001500606537,17
0.9626007080078125,-0.16368961334228516,0.09961001574993134,0.9626007080078125,16.836310386657715,0.09961001574993134,17
0.8930130004882812,-0.2051878720521927,0.09974996745586395,0.8930130004882812,16.794812127947807,0.09974996745586395,17
0.931365966796875,-0.2083882838487625,0.09457002580165863,0.931365966796875,16.791611716151237,0.09457002580165863,17
