Original_X,Original_Y,Original_Z,Adjusted_X,Adjusted_Y,Adjusted_Z,Slice_Index
10.458354949951172,-2.99338960647583,0.1405799835920334,10.458354949951172,-0.9933896064758301,0.1405799835920334,2
10.581951141357422,-3.0238213539123535,0.14069996774196625,10.581951141357422,-1.0238213539123535,0.14069996774196625,2
10.518798828125,-3.0589535236358643,0.1408899873495102,10.518798828125,-1.0589535236358643,0.1408899873495102,2
10.45709228515625,-3.0963263511657715,0.140950009226799,10.45709228515625,-1.0963263511657715,0.140950009226799,2
10.595565795898438,-3.124263286590576,0.14097999036312103,10.595565795898438,-1.1242632865905762,0.14097999036312103,2
