Original_X,Original_Y,Original_Z,Adjusted_X,Adjusted_Y,Adjusted_Z,Slice_Index
14.114131927490234,1.8422290086746216,0.11129002273082733,14.114131927490234,28.84222900867462,0.11129002273082733,27
