Original_X,Original_Y,Original_Z,Adjusted_X,Adjusted_Y,Adjusted_Z,Slice_Index
12.864105224609375,1.417209506034851,0.11982999742031097,12.864105224609375,17.41720950603485,0.11982999742031097,24
12.86676025390625,1.400916337966919,0.11401002109050751,12.86676025390625,17.40091633796692,0.11401002109050751,24
12.867511749267578,1.3935545682907104,0.11023996770381927,12.867511749267578,17.39355456829071,0.11023996770381927,24
12.864803314208984,1.3372869491577148,0.12269000709056854,12.864803314208984,17.337286949157715,0.12269000709056854,24
12.867691040039062,1.2859022617340088,0.12357001006603241,12.867691040039062,17.28590226173401,0.12357001006603241,24
