Original_X,Original_Y,Original_Z,Adjusted_X,Adjusted_Y,Adjusted_Z,Slice_Index
-8.745128631591797,-0.6304661631584167,0.14027999341487885,-8.745128631591797,13.369533836841583,0.14027999341487885,14
-8.728504180908203,-0.6361920833587646,0.14013998210430145,-8.728504180908203,13.363807916641235,0.14013998210430145,14
-8.68865966796875,-0.6485155820846558,0.1401299685239792,-8.68865966796875,13.351484417915344,0.1401299685239792,14
-8.635330200195312,-0.6536749005317688,0.1405399888753891,-8.635330200195312,13.346325099468231,0.1405399888753891,14
-8.735511779785156,-0.755922257900238,0.14052002131938934,-8.735511779785156,13.244077742099762,0.14052002131938934,14
-8.627876281738281,-0.7475554347038269,0.0999399870634079,-8.627876281738281,13.252444565296173,0.0999399870634079,14
