Original_X,Original_Y,Original_Z,Adjusted_X,Adjusted_Y,Adjusted_Z,Slice_Index
-9.939502716064453,0.35403817892074585,0.1396000236272812,-9.939502716064453,19.354038178920746,0.1396000236272812,19
-9.974662780761719,0.3338400721549988,0.0989299863576889,-9.974662780761719,19.333840072155,0.0989299863576889,19
-9.947486877441406,0.3372247517108917,0.0991399735212326,-9.947486877441406,19.33722475171089,0.0991399735212326,19
-9.930255889892578,0.330786794424057,0.13884000480175018,-9.930255889892578,19.330786794424057,0.13884000480175018,19
-9.862457275390625,0.3247445523738861,0.13920997083187103,-9.862457275390625,19.324744552373886,0.13920997083187103,19
-9.830333709716797,0.322709321975708,0.13944999873638153,-9.830333709716797,19.322709321975708,0.13944999873638153,19
-9.8192138671875,0.3089706003665924,0.1391100138425827,-9.8192138671875,19.308970600366592,0.1391100138425827,19
-9.782176971435547,0.3084498345851898,0.13925997912883759,-9.782176971435547,19.30844983458519,0.13925997912883759,19
