Original_X,Original_Y,Original_Z,Adjusted_X,Adjusted_Y,Adjusted_Z,Slice_Index
-63.970542907714844,-1.6852643489837646,0.11792002618312836,-63.970542907714844,7.314735651016235,0.11792002618312836,9
-63.955230712890625,-1.690852403640747,0.11186997592449188,-63.955230712890625,7.309147596359253,0.11186997592449188,9
-63.81578826904297,-1.5739495754241943,0.07060001790523529,-63.81578826904297,7.426050424575806,0.07060001790523529,9
-63.77728271484375,-1.7325568199157715,0.11282996833324432,-63.77728271484375,7.2674431800842285,0.11282996833324432,9
