Original_X,Original_Y,Original_Z,Adjusted_X,Adjusted_Y,Adjusted_Z,Slice_Index
-37.55533981323242,1.422276258468628,0.1238199919462204,-37.55533981323242,25.422276258468628,0.1238199919462204,24
-37.57579040527344,1.3828421831130981,0.0818999856710434,-37.57579040527344,25.382842183113098,0.0818999856710434,24
-37.5053596496582,1.3858343362808228,0.0816899985074997,-37.5053596496582,25.385834336280823,0.0816899985074997,24
-37.47167205810547,1.3718935251235962,0.0822099894285202,-37.47167205810547,25.371893525123596,0.0822099894285202,24
-37.42101287841797,1.3744375705718994,0.08206002414226532,-37.42101287841797,25.3744375705719,0.08206002414226532,24
-37.50482940673828,1.28750741481781,0.12455998361110687,-37.50482940673828,25.28750741481781,0.12455998361110687,24
