Original_X,Original_Y,Original_Z,Adjusted_X,Adjusted_Y,Adjusted_Z,Slice_Index
-60.36713409423828,-3.2412269115448,0.1143299788236618,-60.36713409423828,-2.2412269115448,0.1143299788236618,1
