Original_X,Original_Y,Original_Z,Adjusted_X,Adjusted_Y,Adjusted_Z,Slice_Index
-9.965301513671875,1.2333958148956299,0.13099001348018646,-9.965301513671875,24.23339581489563,0.13099001348018646,23
-9.905563354492188,1.102936863899231,0.1400199979543686,-9.905563354492188,24.10293686389923,0.1400199979543686,23
-9.875041961669922,1.0926624536514282,0.13986001908779144,-9.875041961669922,24.092662453651428,0.13986001908779144,23
-9.838066101074219,1.078619360923767,0.13961999118328094,-9.838066101074219,24.078619360923767,0.13961999118328094,23
-9.778881072998047,1.0997596979141235,0.09881000220775604,-9.778881072998047,24.099759697914124,0.09881000220775604,23
