Original_X,Original_Y,Original_Z,Adjusted_X,Adjusted_Y,Adjusted_Z,Slice_Index
-49.49669647216797,-1.7580492496490479,0.1255599707365036,-49.49669647216797,6.241950750350952,0.1255599707365036,8
-49.4482536315918,-1.7521353960037231,0.12537001073360443,-49.4482536315918,6.247864603996277,0.12537001073360443,8
-49.57110595703125,-1.8778610229492188,0.12552998960018158,-49.57110595703125,6.122138977050781,0.12552998960018158,8
-49.43021774291992,-1.8261446952819824,0.13332001864910126,-49.43021774291992,6.173855304718018,0.13332001864910126,8
-49.51298904418945,-1.8661777973175049,0.12551997601985931,-49.51298904418945,6.133822202682495,0.12551997601985931,8
-49.517520904541016,-1.8715828657150269,0.1252099722623825,-49.517520904541016,6.128417134284973,0.1252099722623825,8
-49.4634895324707,-1.9497469663619995,0.12616001069545746,-49.4634895324707,6.0502530336380005,0.12616001069545746,8
-49.42030715942383,-1.9485347270965576,0.12577997148036957,-49.42030715942383,6.051465272903442,0.12577997148036957,8
-49.4091796875,-1.9495869874954224,0.12561999261379242,-49.4091796875,6.050413012504578,0.12561999261379242,8
