Original_X,Original_Y,Original_Z,Adjusted_X,Adjusted_Y,Adjusted_Z,Slice_Index
-29.171897888183594,0.024176353588700294,0.1303199976682663,-29.171897888183594,17.0241763535887,0.1303199976682663,17
-29.15088653564453,-0.05991154909133911,0.1322299689054489,-29.15088653564453,16.94008845090866,0.1322299689054489,17
-29.144779205322266,-0.058714594691991806,0.13239000737667084,-29.144779205322266,16.941285405308008,0.13239000737667084,17
-29.118106842041016,0.02961883693933487,0.13065998256206512,-29.118106842041016,17.029618836939335,0.13065998256206512,17
-29.023345947265625,0.03390831872820854,0.1309100240468979,-29.023345947265625,17.03390831872821,0.1309100240468979,17
-29.066661834716797,-0.06045111268758774,0.13233999907970428,-29.066661834716797,16.939548887312412,0.13233999907970428,17
