Original_X,Original_Y,Original_Z,Adjusted_X,Adjusted_Y,Adjusted_Z,Slice_Index
-49.376670837402344,-2.7716927528381348,0.08667998015880585,-49.376670837402344,0.22830724716186523,0.08667998015880585,3
-49.55659484863281,-2.8517816066741943,0.13116000592708588,-49.55659484863281,0.14821839332580566,0.13116000592708588,3
-49.56162643432617,-2.9241509437561035,0.12293998897075653,-49.56162643432617,0.07584905624389648,0.12293998897075653,3
-49.542789459228516,-2.9181904792785645,0.12304000556468964,-49.542789459228516,0.08180952072143555,0.12304000556468964,3
-49.400184631347656,-2.8656692504882812,0.12419997155666351,-49.400184631347656,0.13433074951171875,0.12419997155666351,3
-49.50167465209961,-2.9246952533721924,0.08501999080181122,-49.50167465209961,0.07530474662780762,0.08501999080181122,3
-49.42980194091797,-2.9036693572998047,0.08395998179912567,-49.42980194091797,0.09633064270019531,0.08395998179912567,3
-49.401084899902344,-2.9099619388580322,0.1326500028371811,-49.401084899902344,0.09003806114196777,0.1326500028371811,3
-49.391387939453125,-2.941718101501465,0.08482001721858978,-49.391387939453125,0.058281898498535156,0.08482001721858978,3
