Original_X,Original_Y,Original_Z,Adjusted_X,Adjusted_Y,Adjusted_Z,Slice_Index
-56.73170852661133,0.8455482125282288,0.07599000632762909,-56.73170852661133,21.84554821252823,0.07599000632762909,21
-56.62541961669922,0.8277682065963745,0.0757099837064743,-56.62541961669922,21.827768206596375,0.0757099837064743,21
-56.63921356201172,0.818645715713501,0.07600997388362885,-56.63921356201172,21.8186457157135,0.07600997388362885,21
-56.76708221435547,0.7052714824676514,0.07486997544765472,-56.76708221435547,21.70527148246765,0.07486997544765472,21
-56.57999801635742,0.7784218192100525,0.0767500251531601,-56.57999801635742,21.778421819210052,0.0767500251531601,21
-56.712806701660156,0.663673460483551,0.07579998672008514,-56.712806701660156,21.66367346048355,0.07579998672008514,21
