Original_X,Original_Y,Original_Z,Adjusted_X,Adjusted_Y,Adjusted_Z,Slice_Index
-55.51872634887695,2.025722026824951,0.07692001760005951,-55.51872634887695,27.02572202682495,0.07692001760005951,27
-55.53044128417969,2.019930124282837,0.0771699994802475,-55.53044128417969,27.019930124282837,0.0771699994802475,27
-55.5126953125,2.0265309810638428,0.07680998742580414,-55.5126953125,27.026530981063843,0.07680998742580414,27
-55.484832763671875,2.0251681804656982,0.07666002213954926,-55.484832763671875,27.0251681804657,0.07666002213954926,27
-55.42306900024414,2.0273306369781494,0.0759500116109848,-55.42306900024414,27.02733063697815,0.0759500116109848,27
-55.413475036621094,2.0054142475128174,0.07652001082897186,-55.413475036621094,27.005414247512817,0.07652001082897186,27
-55.40275573730469,1.9958910942077637,0.07692001760005951,-55.40275573730469,26.995891094207764,0.07692001760005951,27
-55.40031814575195,1.98313307762146,0.07723002135753632,-55.40031814575195,26.98313307762146,0.07723002135753632,27
-55.50808334350586,1.852786660194397,0.07771997153759003,-55.50808334350586,26.852786660194397,0.07771997153759003,27
