Original_X,Original_Y,Original_Z,Adjusted_X,Adjusted_Y,Adjusted_Z,Slice_Index
-37.55734634399414,0.739463210105896,0.12653999030590057,-37.55734634399414,21.739463210105896,0.12653999030590057,21
-37.53886413574219,0.7383478283882141,0.1264999955892563,-37.53886413574219,21.738347828388214,0.1264999955892563,21
-37.54421615600586,0.7325612902641296,0.1263199895620346,-37.54421615600586,21.73256129026413,0.1263199895620346,21
-37.532249450683594,0.737298846244812,0.12643997371196747,-37.532249450683594,21.737298846244812,0.12643997371196747,21
-37.53373336791992,0.7222698330879211,0.08420000970363617,-37.53373336791992,21.72226983308792,0.08420000970363617,21
-37.56211471557617,0.7089455127716064,0.0843300074338913,-37.56211471557617,21.708945512771606,0.0843300074338913,21
-37.436363220214844,0.7159920930862427,0.08416001498699188,-37.436363220214844,21.715992093086243,0.08416001498699188,21
-37.46944808959961,0.6899440884590149,0.08488999307155609,-37.46944808959961,21.689944088459015,0.08488999307155609,21
-37.4127082824707,0.693716287612915,0.08500997722148895,-37.4127082824707,21.693716287612915,0.08500997722148895,21
