Original_X,Original_Y,Original_Z,Adjusted_X,Adjusted_Y,Adjusted_Z,Slice_Index
-21.911846160888672,1.2376049757003784,0.09194998443126678,-21.911846160888672,24.23760497570038,0.09194998443126678,23
-21.862384796142578,1.2383430004119873,0.09282998740673065,-21.862384796142578,24.238343000411987,0.09282998740673065,23
-21.848712921142578,1.2381067276000977,0.09251998364925385,-21.848712921142578,24.238106727600098,0.09251998364925385,23
-21.877731323242188,1.139406681060791,0.1342800110578537,-21.877731323242188,24.13940668106079,0.1342800110578537,23
-21.838180541992188,1.1509013175964355,0.1345599740743637,-21.838180541992188,24.150901317596436,0.1345599740743637,23
-21.874332427978516,1.1048578023910522,0.09171001613140106,-21.874332427978516,24.104857802391052,0.09171001613140106,23
-21.85806655883789,1.099655032157898,0.09202997386455536,-21.85806655883789,24.099655032157898,0.09202997386455536,23
-21.851417541503906,1.0855573415756226,0.092429980635643,-21.851417541503906,24.085557341575623,0.092429980635643,23
-21.784343719482422,1.1000818014144897,0.09233002364635468,-21.784343719482422,24.10008180141449,0.09233002364635468,23
