Original_X,Original_Y,Original_Z,Adjusted_X,Adjusted_Y,Adjusted_Z,Slice_Index
-51.87495803833008,-0.7670928239822388,0.13034002482891083,-51.87495803833008,12.232907176017761,0.13034002482891083,13
-51.867183685302734,-0.7644907832145691,0.13104002177715302,-51.867183685302734,12.235509216785431,0.13104002177715302,13
-51.801265716552734,-0.7706077694892883,0.13161002099514008,-51.801265716552734,12.229392230510712,0.13161002099514008,13
-51.920509338378906,-0.8660390377044678,0.08111999928951263,-51.920509338378906,12.133960962295532,0.08111999928951263,13
-51.843414306640625,-0.8918353319168091,0.08145998418331146,-51.843414306640625,12.108164668083191,0.08145998418331146,13
-51.84294891357422,-0.9146324396133423,0.08197002112865448,-51.84294891357422,12.085367560386658,0.08197002112865448,13
