Original_X,Original_Y,Original_Z,Adjusted_X,Adjusted_Y,Adjusted_Z,Slice_Index
3.2890777587890625,0.4342842400074005,0.10694997012615204,3.2890777587890625,19.4342842400074,0.10694997012615204,19
3.3753662109375,0.4111585021018982,0.10637001693248749,3.3753662109375,19.411158502101898,0.10637001693248749,19
3.411052703857422,0.4028167724609375,0.10586999356746674,3.411052703857422,19.402816772460938,0.10586999356746674,19
3.391876220703125,0.38979843258857727,0.10665999352931976,3.391876220703125,19.389798432588577,0.10665999352931976,19
3.4029159545898438,0.3032579720020294,0.14128999412059784,3.4029159545898438,19.30325797200203,0.14128999412059784,19
3.272991180419922,0.24715586006641388,0.10678999125957489,3.272991180419922,19.247155860066414,0.10678999125957489,19
3.304229736328125,0.25188636779785156,0.10615001618862152,3.304229736328125,19.25188636779785,0.10615001618862152,19
3.3167076110839844,0.25131624937057495,0.13618998229503632,3.3167076110839844,19.251316249370575,0.13618998229503632,19
3.338348388671875,0.2541506290435791,0.13575999438762665,3.338348388671875,19.25415062904358,0.13575999438762665,19
