Original_X,Original_Y,Original_Z,Adjusted_X,Adjusted_Y,Adjusted_Z,Slice_Index
12.839717864990234,0.19281180202960968,0.09685002267360687,12.839717864990234,10.19281180202961,0.09685002267360687,18
12.866336822509766,0.17904913425445557,0.11805002391338348,12.866336822509766,10.179049134254456,0.11805002391338348,18
12.86676025390625,0.15574856102466583,0.11835001409053802,12.86676025390625,10.155748561024666,0.11835001409053802,18
12.869071960449219,0.1357411891222,0.11849002540111542,12.869071960449219,10.1357411891222,0.11849002540111542,18
12.86490249633789,0.0659257024526596,0.1194000095129013,12.86490249633789,10.06592570245266,0.1194000095129013,18
