Original_X,Original_Y,Original_Z,Adjusted_X,Adjusted_Y,Adjusted_Z,Slice_Index
-0.33094024658203125,2.410254716873169,0.10137002170085907,-0.33094024658203125,30.41025471687317,0.10137002170085907,29
-0.2860679626464844,2.4248852729797363,0.10154001414775848,-0.2860679626464844,30.424885272979736,0.10154001414775848,29
-0.2804069519042969,2.425128936767578,0.10162000358104706,-0.2804069519042969,30.425128936767578,0.10162000358104706,29
-0.22539138793945312,2.4351069927215576,0.10203997790813446,-0.22539138793945312,30.435106992721558,0.10203997790813446,29
-0.20087051391601562,2.3905134201049805,0.09974996745586395,-0.20087051391601562,30.39051342010498,0.09974996745586395,29
-0.34148406982421875,2.2883903980255127,0.10001997649669647,-0.34148406982421875,30.288390398025513,0.10001997649669647,29
-0.23383712768554688,2.3197379112243652,0.10068999230861664,-0.23383712768554688,30.319737911224365,0.10068999230861664,29
-0.2956733703613281,2.282399892807007,0.10089002549648285,-0.2956733703613281,30.282399892807007,0.10089002549648285,29
