Original_X,Original_Y,Original_Z,Adjusted_X,Adjusted_Y,Adjusted_Z,Slice_Index
-20.724422454833984,-0.7635188102722168,0.09770999848842621,-20.724422454833984,12.236481189727783,0.09770999848842621,13
-20.760128021240234,-0.78561931848526,0.13767997920513153,-20.760128021240234,12.21438068151474,0.13767997920513153,13
-20.726978302001953,-0.9304144978523254,0.13660000264644623,-20.726978302001953,12.069585502147675,0.13660000264644623,13
-20.70261001586914,-0.9256688356399536,0.0973999947309494,-20.70261001586914,12.074331164360046,0.0973999947309494,13
