Original_X,Original_Y,Original_Z,Adjusted_X,Adjusted_Y,Adjusted_Z,Slice_Index
-7.399528503417969,1.4220935106277466,0.09658996760845184,-7.399528503417969,25.422093510627747,0.09658996760845184,24
-7.535972595214844,1.3594688177108765,0.14075998961925507,-7.535972595214844,25.359468817710876,0.14075998961925507,24
-7.516574859619141,1.3607784509658813,0.14087001979351044,-7.516574859619141,25.36077845096588,0.14087001979351044,24
-7.4701995849609375,1.3547749519348145,0.1413000077009201,-7.4701995849609375,25.354774951934814,0.1413000077009201,24
-7.413166046142578,1.3681960105895996,0.09947000443935394,-7.413166046142578,25.3681960105896,0.09947000443935394,24
-7.4979705810546875,1.3227766752243042,0.09961996972560883,-7.4979705810546875,25.322776675224304,0.09961996972560883,24
-7.41204833984375,1.3526382446289062,0.09992001950740814,-7.41204833984375,25.352638244628906,0.09992001950740814,24
-7.426517486572266,1.333573818206787,0.14091996848583221,-7.426517486572266,25.333573818206787,0.14091996848583221,24
-7.41302490234375,1.3337491750717163,0.14093999564647675,-7.41302490234375,25.333749175071716,0.14093999564647675,24
