Original_X,Original_Y,Original_Z,Adjusted_X,Adjusted_Y,Adjusted_Z,Slice_Index
-51.97604751586914,0.4080406427383423,0.07772998511791229,-51.97604751586914,19.408040642738342,0.07772998511791229,19
-51.802337646484375,0.33509957790374756,0.0789400190114975,-51.802337646484375,19.335099577903748,0.0789400190114975,19
-51.78562927246094,0.32051339745521545,0.07917998731136322,-51.78562927246094,19.320513397455215,0.07917998731136322,19
