Original_X,Original_Y,Original_Z,Adjusted_X,Adjusted_Y,Adjusted_Z,Slice_Index
-23.14834213256836,-0.5635589957237244,0.09583000838756561,-23.14834213256836,13.436441004276276,0.09583000838756561,14
-23.134689331054688,-0.580958366394043,0.09638999402523041,-23.134689331054688,13.419041633605957,0.09638999402523041,14
-23.081966400146484,-0.5684686303138733,0.09616999328136444,-23.081966400146484,13.431531369686127,0.09616999328136444,14
-23.112380981445312,-0.6047973036766052,0.09712998569011688,-23.112380981445312,13.395202696323395,0.09712998569011688,14
-23.11827850341797,-0.6533913016319275,0.1365700215101242,-23.11827850341797,13.346608698368073,0.1365700215101242,14
-23.160045623779297,-0.7589403390884399,0.09585998952388763,-23.160045623779297,13.24105966091156,0.09585998952388763,14
-23.16280746459961,-0.761630654335022,0.13683997094631195,-23.16280746459961,13.238369345664978,0.13683997094631195,14
-23.08374786376953,-0.7396405935287476,0.09559999406337738,-23.08374786376953,13.260359406471252,0.09559999406337738,14
-22.977115631103516,-0.7448331117630005,0.09615997970104218,-22.977115631103516,13.255166888237,0.09615997970104218,14
