Original_X,Original_Y,Original_Z,Adjusted_X,Adjusted_Y,Adjusted_Z,Slice_Index
-1.5007896423339844,1.1858898401260376,0.10063998401165009,-1.5007896423339844,24.185889840126038,0.10063998401165009,23
-1.485321044921875,1.1846314668655396,0.10086999833583832,-1.485321044921875,24.18463146686554,0.10086999833583832,23
-1.4204177856445312,1.2053921222686768,0.10089997947216034,-1.4204177856445312,24.205392122268677,0.10089997947216034,23
-1.5282096862792969,1.1584193706512451,0.10106997191905975,-1.5282096862792969,24.158419370651245,0.10106997191905975,23
-1.4682197570800781,1.1744931936264038,0.1011599749326706,-1.4682197570800781,24.174493193626404,0.1011599749326706,23
-1.4248390197753906,1.0449659824371338,0.1001800149679184,-1.4248390197753906,24.044965982437134,0.1001800149679184,23
-1.3895416259765625,1.0576869249343872,0.10023002326488495,-1.3895416259765625,24.057686924934387,0.10023002326488495,23
