Original_X,Original_Y,Original_Z,Adjusted_X,Adjusted_Y,Adjusted_Z,Slice_Index
-8.67086410522461,0.7869905233383179,0.0991700142621994,-8.67086410522461,21.786990523338318,0.0991700142621994,21
-8.720001220703125,0.760269045829773,0.14011000096797943,-8.720001220703125,21.760269045829773,0.14011000096797943,21
-8.73488998413086,0.7478926777839661,0.13950000703334808,-8.73488998413086,21.747892677783966,0.13950000703334808,21
-8.615913391113281,0.7903596758842468,0.09963999688625336,-8.615913391113281,21.790359675884247,0.09963999688625336,21
-8.701305389404297,0.7543836236000061,0.1401200145483017,-8.701305389404297,21.754383623600006,0.1401200145483017,21
-8.656578063964844,0.7463220953941345,0.1402299851179123,-8.656578063964844,21.746322095394135,0.1402299851179123,21
-8.600879669189453,0.732563853263855,0.1402299851179123,-8.600879669189453,21.732563853263855,0.1402299851179123,21
