Original_X,Original_Y,Original_Z,Adjusted_X,Adjusted_Y,Adjusted_Z,Slice_Index
4.548076629638672,1.416972279548645,0.10290001332759857,4.548076629638672,25.416972279548645,0.10290001332759857,24
4.506992340087891,1.3867532014846802,0.10330997407436371,4.506992340087891,25.38675320148468,0.10330997407436371,24
4.441764831542969,1.3554490804672241,0.10308997333049774,4.441764831542969,25.355449080467224,0.10308997333049774,24
4.499599456787109,1.3626526594161987,0.10378001630306244,4.499599456787109,25.3626526594162,0.10378001630306244,24
4.5623779296875,1.350516438484192,0.10768000781536102,4.5623779296875,25.350516438484192,0.10768000781536102,24
4.6081085205078125,1.3237327337265015,0.10773997008800507,4.6081085205078125,25.3237327337265,0.10773997008800507,24
4.56329345703125,1.250920295715332,0.10238997638225555,4.56329345703125,25.250920295715332,0.10238997638225555,24
