Original_X,Original_Y,Original_Z,Adjusted_X,Adjusted_Y,Adjusted_Z,Slice_Index
4.525787353515625,1.9751372337341309,0.10263000428676605,4.525787353515625,28.97513723373413,0.10263000428676605,27
4.496517181396484,1.9537299871444702,0.10294000804424286,4.496517181396484,28.95372998714447,0.10294000804424286,27
4.581443786621094,1.9862004518508911,0.10312001407146454,4.581443786621094,28.98620045185089,0.10312001407146454,27
4.529247283935547,1.9578990936279297,0.10318998992443085,4.529247283935547,28.95789909362793,0.10318998992443085,27
4.607627868652344,1.8456670045852661,0.10296998918056488,4.607627868652344,28.845667004585266,0.10296998918056488,27
4.596927642822266,2.0171597003936768,0.1024700254201889,4.596927642822266,29.017159700393677,0.1024700254201889,27
