Original_X,Original_Y,Original_Z,Adjusted_X,Adjusted_Y,Adjusted_Z,Slice_Index
-62.74693298339844,-1.383522391319275,0.07134000957012177,-62.74693298339844,8.616477608680725,0.07134000957012177,10
-62.69628143310547,-1.408841848373413,0.0714300125837326,-62.69628143310547,8.591158151626587,0.0714300125837326,10
-62.597938537597656,-1.4025275707244873,0.11321000754833221,-62.597938537597656,8.597472429275513,0.11321000754833221,10
-62.62486267089844,-1.4152562618255615,0.11299000680446625,-62.62486267089844,8.584743738174438,0.11299000680446625,10
-62.584068298339844,-1.4065560102462769,0.11275999248027802,-62.584068298339844,8.593443989753723,0.11275999248027802,10
-62.68360900878906,-1.4521150588989258,0.11230997741222382,-62.68360900878906,8.547884941101074,0.11230997741222382,10
-62.71143341064453,-1.4750980138778687,0.111720010638237,-62.71143341064453,8.524901986122131,0.111720010638237,10
-62.59294891357422,-1.5017039775848389,0.07332997024059296,-62.59294891357422,8.498296022415161,0.07332997024059296,10
