Original_X,Original_Y,Original_Z,Adjusted_X,Adjusted_Y,Adjusted_Z,Slice_Index
-3.858470916748047,2.0362517833709717,0.10019998252391815,-3.858470916748047,26.03625178337097,0.10019998252391815,27
-3.889759063720703,2.008413553237915,0.10524998605251312,-3.889759063720703,26.008413553237915,0.10524998605251312,27
-3.7833290100097656,1.9374196529388428,0.09974001348018646,-3.7833290100097656,25.937419652938843,0.09974001348018646,27
-3.8306045532226562,1.916524052619934,0.1339700073003769,-3.8306045532226562,25.916524052619934,0.1339700073003769,27
-3.9581298828125,1.8613048791885376,0.09971998631954193,-3.9581298828125,25.861304879188538,0.09971998631954193,27
-3.894145965576172,1.8864034414291382,0.09969000518321991,-3.894145965576172,25.886403441429138,0.09969000518321991,27
-3.8497314453125,1.895562767982483,0.10010002553462982,-3.8497314453125,25.895562767982483,0.10010002553462982,27
-3.862712860107422,1.8843642473220825,0.1001800149679184,-3.862712860107422,25.884364247322083,0.1001800149679184,27
-3.8596153259277344,1.8660112619400024,0.1008400171995163,-3.8596153259277344,25.866011261940002,0.1008400171995163,27
