Original_X,Original_Y,Original_Z,Adjusted_X,Adjusted_Y,Adjusted_Z,Slice_Index
-5.151214599609375,1.4348417520523071,0.10037998855113983,-5.151214599609375,23.434841752052307,0.10037998855113983,24
-5.1698455810546875,1.2838469743728638,0.14143000543117523,-5.1698455810546875,23.283846974372864,0.14143000543117523,24
-5.1407318115234375,1.2954585552215576,0.09969000518321991,-5.1407318115234375,23.295458555221558,0.09969000518321991,24
-5.104320526123047,1.300525426864624,0.09997998178005219,-5.104320526123047,23.300525426864624,0.09997998178005219,24
-5.109340667724609,1.2848625183105469,0.10036002099514008,-5.109340667724609,23.284862518310547,0.10036002099514008,24
-5.127960205078125,1.2443898916244507,0.1402299851179123,-5.127960205078125,23.24438989162445,0.1402299851179123,24
