Original_X,Original_Y,Original_Z,Adjusted_X,Adjusted_Y,Adjusted_Z,Slice_Index
-65.05879974365234,3.053950548171997,0.0799100250005722,-65.05879974365234,36.053950548172,0.0799100250005722,33
