Original_X,Original_Y,Original_Z,Adjusted_X,Adjusted_Y,Adjusted_Z,Slice_Index
-8.601661682128906,0.03182543069124222,0.13526998460292816,-8.601661682128906,17.031825430691242,0.13526998460292816,17
-8.583377838134766,0.024568509310483932,0.13503001630306244,-8.583377838134766,17.024568509310484,0.13503001630306244,17
-8.686058044433594,-0.055463843047618866,0.13670001924037933,-8.686058044433594,16.94453615695238,0.13670001924037933,17
-8.664108276367188,-0.06688454002141953,0.13635002076625824,-8.664108276367188,16.93311545997858,0.13635002076625824,17
-8.625770568847656,-0.0661296620965004,0.1368200033903122,-8.625770568847656,16.9338703379035,0.1368200033903122,17
-8.614147186279297,-0.06796114891767502,0.13679002225399017,-8.614147186279297,16.932038851082325,0.13679002225399017,17
-8.714447021484375,-0.1440000683069229,0.1386599987745285,-8.714447021484375,16.855999931693077,0.1386599987745285,17
-8.693870544433594,-0.16125071048736572,0.13811998069286346,-8.693870544433594,16.838749289512634,0.13811998069286346,17
