Original_X,Original_Y,Original_Z,Adjusted_X,Adjusted_Y,Adjusted_Z,Slice_Index
8.0435791015625,-1.7757946252822876,0.1384900063276291,8.0435791015625,6.224205374717712,0.1384900063276291,8
8.090812683105469,-1.8297168016433716,0.14462999999523163,8.090812683105469,6.170283198356628,0.14462999999523163,8
8.08462142944336,-1.8658661842346191,0.13916997611522675,8.08462142944336,6.134133815765381,0.13916997611522675,8
8.074970245361328,-1.872015357017517,0.13920997083187103,8.074970245361328,6.127984642982483,0.13920997083187103,8
8.045623779296875,-1.9373310804367065,0.14510999619960785,8.045623779296875,6.0626689195632935,0.14510999619960785,8
8.18570327758789,-1.9363137483596802,0.1394600123167038,8.18570327758789,6.06368625164032,0.1394600123167038,8
8.1851806640625,-1.9466272592544556,0.1392199844121933,8.1851806640625,6.053372740745544,0.1392199844121933,8
8.200645446777344,-1.9403090476989746,0.13891999423503876,8.200645446777344,6.059690952301025,0.13891999423503876,8
