Original_X,Original_Y,Original_Z,Adjusted_X,Adjusted_Y,Adjusted_Z,Slice_Index
0.8758125305175781,0.7497603893280029,0.10175000131130219,0.8758125305175781,21.749760389328003,0.10175000131130219,21
0.9318695068359375,0.5868847966194153,0.10114000737667084,0.9318695068359375,21.586884796619415,0.10114000737667084,21
0.9731483459472656,0.60050368309021,0.1012599915266037,0.9731483459472656,21.60050368309021,0.1012599915266037,21
