Original_X,Original_Y,Original_Z,Adjusted_X,Adjusted_Y,Adjusted_Z,Slice_Index
-21.876605987548828,0.005025739781558514,0.13367001712322235,-21.876605987548828,17.00502573978156,0.13367001712322235,17
-21.835453033447266,0.019156387075781822,0.09070001542568207,-21.835453033447266,17.019156387075782,0.09070001542568207,17
-21.86416244506836,0.0016069894190877676,0.13364998996257782,-21.86416244506836,17.001606989419088,0.13364998996257782,17
-21.78921127319336,-0.000530123186763376,0.1337299793958664,-21.78921127319336,16.999469876813237,0.1337299793958664,17
-21.88001251220703,-0.08171433955430984,0.13542000949382782,-21.88001251220703,16.91828566044569,0.13542000949382782,17
-21.869747161865234,-0.09534582495689392,0.13487999141216278,-21.869747161865234,16.904654175043106,0.13487999141216278,17
-21.81967544555664,-0.08714502304792404,0.13557998836040497,-21.81967544555664,16.912854976952076,0.13557998836040497,17
