Original_X,Original_Y,Original_Z,Adjusted_X,Adjusted_Y,Adjusted_Z,Slice_Index
11.770095825195312,-2.578784942626953,0.1400800198316574,11.770095825195312,1.4212150573730469,0.1400800198316574,4
11.63351058959961,-2.657789468765259,0.14020000398159027,11.63351058959961,1.3422105312347412,0.14020000398159027,4
11.712825775146484,-2.6258018016815186,0.13950000703334808,11.712825775146484,1.3741981983184814,0.13950000703334808,4
11.81759262084961,-2.6020314693450928,0.15579001605510712,11.81759262084961,1.3979685306549072,0.15579001605510712,4
11.801162719726562,-2.662670373916626,0.1545500010251999,11.801162719726562,1.337329626083374,0.1545500010251999,4
11.774761199951172,-2.689612865447998,0.1403300017118454,11.774761199951172,1.310387134552002,0.1403300017118454,4
11.809944152832031,-2.677554130554199,0.13995002210140228,11.809944152832031,1.3224458694458008,0.13995002210140228,4
11.649036407470703,-2.764551877975464,0.14027999341487885,11.649036407470703,1.2354481220245361,0.14027999341487885,4
