Original_X,Original_Y,Original_Z,Adjusted_X,Adjusted_Y,Adjusted_Z,Slice_Index
11.634788513183594,-2.002131938934326,0.10777001082897186,11.634788513183594,4.997868061065674,0.10777001082897186,7
11.784477233886719,-2.0144736766815186,0.15553002059459686,11.784477233886719,4.9855263233184814,0.15553002059459686,7
11.704341888427734,-2.1631736755371094,0.13891999423503876,11.704341888427734,4.836826324462891,0.13891999423503876,7
