Original_X,Original_Y,Original_Z,Adjusted_X,Adjusted_Y,Adjusted_Z,Slice_Index
-23.09872055053711,0.586388885974884,0.13458000123500824,-23.09872055053711,20.586388885974884,0.13458000123500824,20
-23.112201690673828,0.5686206817626953,0.09351001679897308,-23.112201690673828,20.568620681762695,0.09351001679897308,20
-23.035442352294922,0.5827721953392029,0.13446997106075287,-23.035442352294922,20.582772195339203,0.13446997106075287,20
-23.05112075805664,0.56584632396698,0.09355001151561737,-23.05112075805664,20.56584632396698,0.09355001151561737,20
-23.020240783691406,0.5565330386161804,0.09401999413967133,-23.020240783691406,20.55653303861618,0.09401999413967133,20
-23.039260864257812,0.5400846600532532,0.09404997527599335,-23.039260864257812,20.540084660053253,0.09404997527599335,20
-23.127689361572266,0.46733951568603516,0.13508997857570648,-23.127689361572266,20.467339515686035,0.13508997857570648,20
-23.073387145996094,0.4576367735862732,0.13481001555919647,-23.073387145996094,20.457636773586273,0.13481001555919647,20
-23.041854858398438,0.4679868817329407,0.135359987616539,-23.041854858398438,20.46798688173294,0.135359987616539,20
