Original_X,Original_Y,Original_Z,Adjusted_X,Adjusted_Y,Adjusted_Z,Slice_Index
-15.877449035644531,0.22543761134147644,0.13772998750209808,-15.877449035644531,18.225437611341476,0.13772998750209808,18
-15.847637176513672,0.20369985699653625,0.1372300237417221,-15.847637176513672,18.203699856996536,0.1372300237417221,18
-15.802001953125,0.21592968702316284,0.138140007853508,-15.802001953125,18.215929687023163,0.138140007853508,18
