Original_X,Original_Y,Original_Z,Adjusted_X,Adjusted_Y,Adjusted_Z,Slice_Index
-63.955474853515625,2.030402660369873,0.11815999448299408,-63.955474853515625,29.030402660369873,0.11815999448299408,27
-63.90522003173828,2.034393310546875,0.1176699846982956,-63.90522003173828,29.034393310546875,0.1176699846982956,27
-63.893341064453125,1.85854971408844,0.11770002543926239,-63.893341064453125,28.85854971408844,0.11770002543926239,27
-63.82746887207031,1.8694604635238647,0.11760000884532928,-63.82746887207031,28.869460463523865,0.11760000884532928,27
-63.82050323486328,1.8713693618774414,0.11770997941493988,-63.82050323486328,28.87136936187744,0.11770997941493988,27
-63.839599609375,1.8614405393600464,0.1173199862241745,-63.839599609375,28.861440539360046,0.1173199862241745,27
-63.796852111816406,2.0234694480895996,0.08372996747493744,-63.796852111816406,29.0234694480896,0.08372996747493744,27
-63.81371307373047,1.9933059215545654,0.08412997424602509,-63.81371307373047,28.993305921554565,0.08412997424602509,27
