Original_X,Original_Y,Original_Z,Adjusted_X,Adjusted_Y,Adjusted_Z,Slice_Index
-36.34611511230469,1.365478754043579,0.0825599879026413,-36.34611511230469,24.36547875404358,0.0825599879026413,24
-36.207763671875,1.4219231605529785,0.0997299998998642,-36.207763671875,24.42192316055298,0.0997299998998642,24
-36.35443878173828,1.3495103120803833,0.08263997733592987,-36.35443878173828,24.349510312080383,0.08263997733592987,24
-36.299400329589844,1.364140510559082,0.0825599879026413,-36.299400329589844,24.364140510559082,0.0825599879026413,24
