Original_X,Original_Y,Original_Z,Adjusted_X,Adjusted_Y,Adjusted_Z,Slice_Index
-35.120018005371094,-0.45106732845306396,0.131539985537529,-35.120018005371094,14.548932671546936,0.131539985537529,15
-35.109230041503906,-0.45704472064971924,0.13117001950740814,-35.109230041503906,14.54295527935028,0.13117001950740814,15
-35.03324890136719,-0.4430176913738251,0.1317499727010727,-35.03324890136719,14.556982308626175,0.1317499727010727,15
-35.03853988647461,-0.455741822719574,0.1311499923467636,-35.03853988647461,14.544258177280426,0.1311499923467636,15
-35.078887939453125,-0.5218255519866943,0.09777997434139252,-35.078887939453125,14.478174448013306,0.09777997434139252,15
-35.00054931640625,-0.4920809864997864,0.14061002433300018,-35.00054931640625,14.507919013500214,0.14061002433300018,15
-34.993892669677734,-0.5183975100517273,0.09084002673625946,-34.993892669677734,14.481602489948273,0.09084002673625946,15
-35.0053596496582,-0.5327891111373901,0.09120999276638031,-35.0053596496582,14.46721088886261,0.09120999276638031,15
