Original_X,Original_Y,Original_Z,Adjusted_X,Adjusted_Y,Adjusted_Z,Slice_Index
4.431571960449219,-2.9735982418060303,0.14554999768733978,4.431571960449219,-0.9735982418060303,0.14554999768733978,2
4.470333099365234,-3.004760503768921,0.14494000375270844,4.470333099365234,-1.004760503768921,0.14494000375270844,2
4.560432434082031,-2.985851764678955,0.1400199979543686,4.560432434082031,-0.9858517646789551,0.1400199979543686,2
4.548793792724609,-2.99686336517334,0.13990996778011322,4.548793792724609,-0.9968633651733398,0.13990996778011322,2
4.606941223144531,-3.079373836517334,0.14021997153759003,4.606941223144531,-1.079373836517334,0.14021997153759003,2
4.563751220703125,-3.1201171875,0.13978998363018036,4.563751220703125,-1.1201171875,0.13978998363018036,2
4.542167663574219,-3.144941806793213,0.13939999043941498,4.542167663574219,-1.144941806793213,0.13939999043941498,2
4.542594909667969,-3.1544642448425293,0.13898997008800507,4.542594909667969,-1.1544642448425293,0.13898997008800507,2
