Original_X,Original_Y,Original_Z,Adjusted_X,Adjusted_Y,Adjusted_Z,Slice_Index
9.268871307373047,0.6369482278823853,0.1420600265264511,9.268871307373047,20.636948227882385,0.1420600265264511,20
9.294548034667969,0.6261173486709595,0.14219002425670624,9.294548034667969,20.62611734867096,0.14219002425670624,20
9.293807983398438,0.6209298372268677,0.10194002091884613,9.293807983398438,20.620929837226868,0.10194002091884613,20
9.299114227294922,0.6184414625167847,0.14197002351284027,9.299114227294922,20.618441462516785,0.14197002351284027,20
9.285259246826172,0.6116971373558044,0.1021299809217453,9.285259246826172,20.611697137355804,0.1021299809217453,20
9.382976531982422,0.6259353160858154,0.10628996789455414,9.382976531982422,20.625935316085815,0.10628996789455414,20
9.237964630126953,0.5219241380691528,0.10628001391887665,9.237964630126953,20.521924138069153,0.10628001391887665,20
9.247047424316406,0.5022316575050354,0.10676001012325287,9.247047424316406,20.502231657505035,0.10676001012325287,20
9.26906967163086,0.5098227262496948,0.10619001090526581,9.26906967163086,20.509822726249695,0.10619001090526581,20
9.33669662475586,0.48483407497406006,0.10597001016139984,9.33669662475586,20.48483407497406,0.10597001016139984,20
9.25600814819336,0.4475911259651184,0.14122001826763153,9.25600814819336,20.44759112596512,0.14122001826763153,20
9.337162017822266,0.471345990896225,0.1065099686384201,9.337162017822266,20.471345990896225,0.1065099686384201,20
9.374984741210938,0.4463665187358856,0.10141001641750336,9.374984741210938,20.446366518735886,0.10141001641750336,20
9.397319793701172,0.44426196813583374,0.10189001262187958,9.397319793701172,20.444261968135834,0.10189001262187958,20
