Original_X,Original_Y,Original_Z,Adjusted_X,Adjusted_Y,Adjusted_Z,Slice_Index
-50.71299362182617,3.0317187309265137,0.09842000901699066,-50.71299362182617,35.031718730926514,0.09842000901699066,32
-50.633888244628906,3.0315399169921875,0.096980020403862,-50.633888244628906,35.03153991699219,0.096980020403862,32
-50.603485107421875,3.0129895210266113,0.089369997382164,-50.603485107421875,35.01298952102661,0.089369997382164,32
-50.72942352294922,2.9601595401763916,0.0850599855184555,-50.72942352294922,34.96015954017639,0.0850599855184555,32
-50.70543670654297,2.9209964275360107,0.08501999080181122,-50.70543670654297,34.92099642753601,0.08501999080181122,32
-50.69321060180664,2.902496337890625,0.08486001193523407,-50.69321060180664,34.902496337890625,0.08486001193523407,32
