Original_X,Original_Y,Original_Z,Adjusted_X,Adjusted_Y,Adjusted_Z,Slice_Index
-20.715065002441406,2.7562618255615234,0.13426999747753143,-20.715065002441406,33.75626182556152,0.13426999747753143,31
-20.590778350830078,2.8039586544036865,0.08661000430583954,-20.590778350830078,33.80395865440369,0.08661000430583954,31
-20.592540740966797,2.79587984085083,0.0872800201177597,-20.592540740966797,33.79587984085083,0.0872800201177597,31
-20.742595672607422,2.730468273162842,0.09843997657299042,-20.742595672607422,33.73046827316284,0.09843997657299042,31
-20.647911071777344,2.743805408477783,0.08674000203609467,-20.647911071777344,33.74380540847778,0.08674000203609467,31
-20.730186462402344,2.6982555389404297,0.09897999465465546,-20.730186462402344,33.69825553894043,0.09897999465465546,31
-20.65863800048828,2.6900634765625,0.08711998164653778,-20.65863800048828,33.6900634765625,0.08711998164653778,31
-20.66405487060547,2.685189962387085,0.09768001735210419,-20.66405487060547,33.685189962387085,0.09768001735210419,31
-20.599773406982422,2.6677253246307373,0.09631000459194183,-20.599773406982422,33.66772532463074,0.09631000459194183,31
