Original_X,Original_Y,Original_Z,Adjusted_X,Adjusted_Y,Adjusted_Z,Slice_Index
-5.02520751953125,2.6169278621673584,0.11606000363826752,-5.02520751953125,30.61692786216736,0.11606000363826752,30
-5.146800994873047,2.5330355167388916,0.14292000234127045,-5.146800994873047,30.53303551673889,0.14292000234127045,30
-5.163978576660156,2.520827054977417,0.09985999763011932,-5.163978576660156,30.520827054977417,0.09985999763011932,30
-5.134174346923828,2.5203628540039062,0.10029999911785126,-5.134174346923828,30.520362854003906,0.10029999911785126,30
-5.046688079833984,2.554187059402466,0.10036002099514008,-5.046688079833984,30.554187059402466,0.10036002099514008,30
-5.016422271728516,2.5651283264160156,0.10042999684810638,-5.016422271728516,30.565128326416016,0.10042999684810638,30
-5.123905181884766,2.507124662399292,0.14213000237941742,-5.123905181884766,30.507124662399292,0.14213000237941742,30
-5.034431457519531,2.4840712547302246,0.10535000264644623,-5.034431457519531,30.484071254730225,0.10535000264644623,30
