Original_X,Original_Y,Original_Z,Adjusted_X,Adjusted_Y,Adjusted_Z,Slice_Index
-56.74319839477539,1.629760980606079,0.0772399753332138,-56.74319839477539,26.62976098060608,0.0772399753332138,25
-56.711273193359375,1.6172112226486206,0.07732002437114716,-56.711273193359375,26.61721122264862,0.07732002437114716,25
-56.66609191894531,1.584302544593811,0.07805000245571136,-56.66609191894531,26.58430254459381,0.07805000245571136,25
-56.63347625732422,1.5877324342727661,0.07762996852397919,-56.63347625732422,26.587732434272766,0.07762996852397919,25
-56.750099182128906,1.4711120128631592,0.07736997306346893,-56.750099182128906,26.47111201286316,0.07736997306346893,25
-56.71518325805664,1.4693553447723389,0.07722000777721405,-56.71518325805664,26.46935534477234,0.07722000777721405,25
-56.69474792480469,1.451355218887329,0.07746998965740204,-56.69474792480469,26.45135521888733,0.07746998965740204,25
