Original_X,Original_Y,Original_Z,Adjusted_X,Adjusted_Y,Adjusted_Z,Slice_Index
-0.2864646911621094,-0.8072344064712524,0.10197000205516815,-0.2864646911621094,12.192765593528748,0.10197000205516815,13
-0.24367523193359375,-0.8140618205070496,0.10273002088069916,-0.24367523193359375,12.18593817949295,0.10273002088069916,13
