Original_X,Original_Y,Original_Z,Adjusted_X,Adjusted_Y,Adjusted_Z,Slice_Index
-59.07403564453125,-0.40341493487358093,0.07612000405788422,-59.07403564453125,14.596585065126419,0.07612000405788422,15
-59.04707336425781,-0.4140053987503052,0.0761599987745285,-59.04707336425781,14.585994601249695,0.0761599987745285,15
-59.02522277832031,-0.4228808879852295,0.07622997462749481,-59.02522277832031,14.57711911201477,0.07622997462749481,15
-59.02997589111328,-0.42528244853019714,0.0763699859380722,-59.02997589111328,14.574717551469803,0.0763699859380722,15
-59.09325408935547,-0.4750015437602997,0.11757998168468475,-59.09325408935547,14.5249984562397,0.11757998168468475,15
-59.11338806152344,-0.5642775297164917,0.07530997693538666,-59.11338806152344,14.435722470283508,0.07530997693538666,15
-59.042030334472656,-0.5709870457649231,0.07068000733852386,-59.042030334472656,14.429012954235077,0.07068000733852386,15
-59.01543426513672,-0.5780606865882874,0.07145999372005463,-59.01543426513672,14.421939313411713,0.07145999372005463,15
