Original_X,Original_Y,Original_Z,Adjusted_X,Adjusted_Y,Adjusted_Z,Slice_Index
-19.46050262451172,-1.368526816368103,0.14741002023220062,-19.46050262451172,8.631473183631897,0.14741002023220062,10
-19.568103790283203,-1.5377126932144165,0.09751002490520477,-19.568103790283203,8.462287306785583,0.09751002490520477,10
-19.44149398803711,-1.5364701747894287,0.09818999469280243,-19.44149398803711,8.463529825210571,0.09818999469280243,10
