Original_X,Original_Y,Original_Z,Adjusted_X,Adjusted_Y,Adjusted_Z,Slice_Index
-5.115745544433594,0.9698566794395447,0.09961001574993134,-5.115745544433594,20.969856679439545,0.09961001574993134,22
-5.054443359375,0.9867228865623474,0.09989999234676361,-5.054443359375,20.986722886562347,0.09989999234676361,22
-5.095649719238281,0.961952805519104,0.10006998479366302,-5.095649719238281,20.961952805519104,0.10006998479366302,22
-5.175037384033203,0.9190706610679626,0.10027001798152924,-5.175037384033203,20.919070661067963,0.10027001798152924,22
-5.152584075927734,0.895041823387146,0.1131499856710434,-5.152584075927734,20.895041823387146,0.1131499856710434,22
-5.120094299316406,0.9040461778640747,0.13976000249385834,-5.120094299316406,20.904046177864075,0.13976000249385834,22
