Original_X,Original_Y,Original_Z,Adjusted_X,Adjusted_Y,Adjusted_Z,Slice_Index
-20.714935302734375,2.433258533477783,0.09844999015331268,-20.714935302734375,31.433258533477783,0.09844999015331268,29
-20.746501922607422,2.3843507766723633,0.1334199756383896,-20.746501922607422,31.384350776672363,0.1334199756383896,29
-20.707542419433594,2.3683600425720215,0.13289998471736908,-20.707542419433594,31.36836004257202,0.13289998471736908,29
-20.67203140258789,2.3768842220306396,0.09874002635478973,-20.67203140258789,31.37688422203064,0.09874002635478973,29
