Original_X,Original_Y,Original_Z,Adjusted_X,Adjusted_Y,Adjusted_Z,Slice_Index
-6.356163024902344,-0.9848150610923767,0.14061997830867767,-6.356163024902344,11.015184938907623,0.14061997830867767,12
-6.323230743408203,-0.9993845820426941,0.14020000398159027,-6.323230743408203,11.000615417957306,0.14020000398159027,12
-6.302055358886719,-1.012056827545166,0.1401299685239792,-6.302055358886719,10.987943172454834,0.1401299685239792,12
-6.236518859863281,-1.037413239479065,0.1396699994802475,-6.236518859863281,10.962586760520935,0.1396699994802475,12
-6.217144012451172,-1.0316418409347534,0.14030002057552338,-6.217144012451172,10.968358159065247,0.14030002057552338,12
-6.366687774658203,-1.1292483806610107,0.13969002664089203,-6.366687774658203,10.87075161933899,0.13969002664089203,12
-6.318092346191406,-1.1284042596817017,0.14021997153759003,-6.318092346191406,10.871595740318298,0.14021997153759003,12
-6.302825927734375,-1.130503535270691,0.13999001681804657,-6.302825927734375,10.869496464729309,0.13999001681804657,12
-6.284374237060547,-1.1386088132858276,0.14021001756191254,-6.284374237060547,10.861391186714172,0.14021001756191254,12
