Original_X,Original_Y,Original_Z,Adjusted_X,Adjusted_Y,Adjusted_Z,Slice_Index
-62.77357482910156,2.4766719341278076,0.1182899922132492,-62.77357482910156,32.47667193412781,0.1182899922132492,30
-62.692527770996094,2.5066721439361572,0.11872999370098114,-62.692527770996094,32.50667214393616,0.11872999370098114,30
-62.68578338623047,2.5094549655914307,0.11865000426769257,-62.68578338623047,32.50945496559143,0.11865000426769257,30
-62.631431579589844,2.5276641845703125,0.11876998841762543,-62.631431579589844,32.52766418457031,0.11876998841762543,30
-62.63581848144531,2.50525164604187,0.11799000203609467,-62.63581848144531,32.50525164604187,0.11799000203609467,30
-62.58784484863281,2.502439022064209,0.06926999986171722,-62.58784484863281,32.50243902206421,0.06926999986171722,30
-62.629859924316406,2.481189489364624,0.07477997243404388,-62.629859924316406,32.481189489364624,0.07477997243404388,30
-62.60346221923828,2.4682979583740234,0.1570899933576584,-62.60346221923828,32.46829795837402,0.1570899933576584,30
