Original_X,Original_Y,Original_Z,Adjusted_X,Adjusted_Y,Adjusted_Z,Slice_Index
-3.89837646484375,-0.3517122268676758,0.10132001340389252,-3.89837646484375,13.648287773132324,0.10132001340389252,16
