Original_X,Original_Y,Original_Z,Adjusted_X,Adjusted_Y,Adjusted_Z,Slice_Index
-36.37416076660156,0.8675694465637207,0.08422999083995819,-36.37416076660156,21.86756944656372,0.08422999083995819,22
-36.35443115234375,0.8650034666061401,0.08430002629756927,-36.35443115234375,21.86500346660614,0.08430002629756927,22
-36.281803131103516,0.8690794706344604,0.08455000817775726,-36.281803131103516,21.86907947063446,0.08455000817775726,22
-36.290435791015625,0.8434563875198364,0.08462999761104584,-36.290435791015625,21.843456387519836,0.08462999761104584,22
