Original_X,Original_Y,Original_Z,Adjusted_X,Adjusted_Y,Adjusted_Z,Slice_Index
-43.560306549072266,1.950960636138916,0.12248997390270233,-43.560306549072266,28.950960636138916,0.12248997390270233,27
-43.432518005371094,2.0461394786834717,0.08699999749660492,-43.432518005371094,29.04613947868347,0.08699999749660492,27
-43.41233444213867,2.043262481689453,0.08618001639842987,-43.41233444213867,29.043262481689453,0.08618001639842987,27
-43.49998474121094,1.9539868831634521,0.12245999276638031,-43.49998474121094,28.953986883163452,0.12245999276638031,27
-43.48753356933594,1.951880931854248,0.07928000390529633,-43.48753356933594,28.951880931854248,0.07928000390529633,27
-43.52175521850586,1.9366616010665894,0.07957999408245087,-43.52175521850586,28.93666160106659,0.07957999408245087,27
-43.47947311401367,1.9534862041473389,0.12225000560283661,-43.47947311401367,28.95348620414734,0.12225000560283661,27
-43.497406005859375,1.9377930164337158,0.07947997748851776,-43.497406005859375,28.937793016433716,0.07947997748851776,27
-43.39459991455078,1.9667690992355347,0.08684001863002777,-43.39459991455078,28.966769099235535,0.08684001863002777,27
