Original_X,Original_Y,Original_Z,Adjusted_X,Adjusted_Y,Adjusted_Z,Slice_Index
6.894817352294922,-0.37081193923950195,0.14170996844768524,6.894817352294922,14.629188060760498,0.14170996844768524,15
6.919643402099609,-0.3764735162258148,0.14191000163555145,6.919643402099609,14.623526483774185,0.14191000163555145,15
6.828769683837891,-0.4213990569114685,0.10716001689434052,6.828769683837891,14.578600943088531,0.10716001689434052,15
6.9303741455078125,-0.38288652896881104,0.14183001220226288,6.9303741455078125,14.617113471031189,0.14183001220226288,15
6.8235931396484375,-0.44588127732276917,0.10737000405788422,6.8235931396484375,14.55411872267723,0.10737000405788422,15
6.952831268310547,-0.39443540573120117,0.1417500227689743,6.952831268310547,14.605564594268799,0.1417500227689743,15
6.964263916015625,-0.3997766077518463,0.14174000918865204,6.964263916015625,14.600223392248154,0.14174000918865204,15
6.866062164306641,-0.45233532786369324,0.10693000257015228,6.866062164306641,14.547664672136307,0.10693000257015228,15
6.836963653564453,-0.4903603494167328,0.14209000766277313,6.836963653564453,14.509639650583267,0.14209000766277313,15
7.0115814208984375,-0.4193976819515228,0.14176999032497406,7.0115814208984375,14.580602318048477,0.14176999032497406,15
6.8563232421875,-0.49336156249046326,0.14228998124599457,6.8563232421875,14.506638437509537,0.14228998124599457,15
7.008354187011719,-0.4669162333011627,0.10229001939296722,7.008354187011719,14.533083766698837,0.10229001939296722,15
6.986488342285156,-0.48566946387290955,0.1021600216627121,6.986488342285156,14.51433053612709,0.1021600216627121,15
6.925342559814453,-0.5232827663421631,0.14209000766277313,6.925342559814453,14.476717233657837,0.14209000766277313,15
6.980216979980469,-0.5015121698379517,0.10703001916408539,6.980216979980469,14.498487830162048,0.10703001916408539,15
6.954296112060547,-0.5517730116844177,0.14162997901439667,6.954296112060547,14.448226988315582,0.14162997901439667,15
6.943576812744141,-0.5591886043548584,0.10365001857280731,6.943576812744141,14.440811395645142,0.10365001857280731,15
