Original_X,Original_Y,Original_Z,Adjusted_X,Adjusted_Y,Adjusted_Z,Slice_Index
-55.48762130737305,1.2464255094528198,0.07693998515605927,-55.48762130737305,22.24642550945282,0.07693998515605927,23
-55.404815673828125,1.2308506965637207,0.076929971575737,-55.404815673828125,22.23085069656372,0.076929971575737,23
-55.42009353637695,1.2142640352249146,0.07745997607707977,-55.42009353637695,22.214264035224915,0.07745997607707977,23
-55.377742767333984,1.1985313892364502,0.0774800032377243,-55.377742767333984,22.19853138923645,0.0774800032377243,23
-55.510032653808594,1.1048959493637085,0.07639001309871674,-55.510032653808594,22.10489594936371,0.07639001309871674,23
-55.438011169433594,1.087246298789978,0.07631997764110565,-55.438011169433594,22.087246298789978,0.07631997764110565,23
-55.39455032348633,1.0789310932159424,0.0763000100851059,-55.39455032348633,22.078931093215942,0.0763000100851059,23
