Original_X,Original_Y,Original_Z,Adjusted_X,Adjusted_Y,Adjusted_Z,Slice_Index
-5.148647308349609,-1.936170220375061,0.15281997621059418,-5.148647308349609,6.063829779624939,0.15281997621059418,8
