Original_X,Original_Y,Original_Z,Adjusted_X,Adjusted_Y,Adjusted_Z,Slice_Index
-1.5289688110351562,-3.2687320709228516,0.14169000089168549,-1.5289688110351562,-2.2687320709228516,0.14169000089168549,1
-1.5257415771484375,-3.2734017372131348,0.14159999787807465,-1.5257415771484375,-2.2734017372131348,0.14159999787807465,1
-1.5077476501464844,-3.335848093032837,0.13654999434947968,-1.5077476501464844,-2.335848093032837,0.13654999434947968,1
-1.4989700317382812,-3.3371827602386475,0.1362299770116806,-1.4989700317382812,-2.3371827602386475,0.1362299770116806,1
-1.4060020446777344,-3.172842264175415,0.14407996833324432,-1.4060020446777344,-2.172842264175415,0.14407996833324432,1
-1.4008674621582031,-3.2310128211975098,0.1540599912405014,-1.4008674621582031,-2.2310128211975098,0.1540599912405014,1
-1.4658393859863281,-3.2783737182617188,0.1425199955701828,-1.4658393859863281,-2.2783737182617188,0.1425199955701828,1
-1.4138641357421875,-3.299992561340332,0.1425199955701828,-1.4138641357421875,-2.299992561340332,0.1425199955701828,1
-1.4117546081542969,-3.312800645828247,0.10545001924037933,-1.4117546081542969,-2.312800645828247,0.10545001924037933,1
