Original_X,Original_Y,Original_Z,Adjusted_X,Adjusted_Y,Adjusted_Z,Slice_Index
5.658428192138672,-2.5861432552337646,0.14722000062465668,5.658428192138672,1.4138567447662354,0.14722000062465668,4
5.675807952880859,-2.6077792644500732,0.14135996997356415,5.675807952880859,1.3922207355499268,0.14135996997356415,4
5.652622222900391,-2.623615026473999,0.14128999412059784,5.652622222900391,1.376384973526001,0.14128999412059784,4
5.665748596191406,-2.6221189498901367,0.14090000092983246,5.665748596191406,1.3778810501098633,0.14090000092983246,4
5.646205902099609,-2.7119176387786865,0.1465200036764145,5.646205902099609,1.2880823612213135,0.1465200036764145,4
5.6671600341796875,-2.7085981369018555,0.1472499817609787,5.6671600341796875,1.2914018630981445,0.1472499817609787,4
5.783313751220703,-2.6710219383239746,0.14127998054027557,5.783313751220703,1.3289780616760254,0.14127998054027557,4
5.744731903076172,-2.700784921646118,0.1413000077009201,5.744731903076172,1.2992150783538818,0.1413000077009201,4
5.820774078369141,-2.7075490951538086,0.1580200046300888,5.820774078369141,1.2924509048461914,0.1580200046300888,4
