Original_X,Original_Y,Original_Z,Adjusted_X,Adjusted_Y,Adjusted_Z,Slice_Index
-0.34818267822265625,2.7837975025177,0.10388998687267303,-0.34818267822265625,32.7837975025177,0.10388998687267303,31
-0.3351783752441406,2.7791898250579834,0.10415999591350555,-0.3351783752441406,32.77918982505798,0.10415999591350555,31
-0.25543975830078125,2.8084089756011963,0.10454998910427094,-0.25543975830078125,32.808408975601196,0.10454998910427094,31
-0.2913856506347656,2.786294937133789,0.10457997024059296,-0.2913856506347656,32.78629493713379,0.10457997024059296,31
-0.18656158447265625,2.8208465576171875,0.1054299920797348,-0.18656158447265625,32.82084655761719,0.1054299920797348,31
-0.24754714965820312,2.7026326656341553,0.1022299975156784,-0.24754714965820312,32.702632665634155,0.1022299975156784,31
-0.2591667175292969,2.6901040077209473,0.10347001254558563,-0.2591667175292969,32.69010400772095,0.10347001254558563,31
-0.18483734130859375,2.6831729412078857,0.10488002002239227,-0.18483734130859375,32.683172941207886,0.10488002002239227,31
