Original_X,Original_Y,Original_Z,Adjusted_X,Adjusted_Y,Adjusted_Z,Slice_Index
-51.961952209472656,-1.9566625356674194,0.13210998475551605,-51.961952209472656,5.043337464332581,0.13210998475551605,7
-51.96091079711914,-1.9679956436157227,0.1318499892950058,-51.96091079711914,5.032004356384277,0.1318499892950058,7
-51.90413284301758,-1.9921760559082031,0.1324099749326706,-51.90413284301758,5.007823944091797,0.1324099749326706,7
-51.88917922973633,-1.9934731721878052,0.1324099749326706,-51.88917922973633,5.006526827812195,0.1324099749326706,7
-51.822715759277344,-2.007686138153076,0.13350002467632294,-51.822715759277344,4.992313861846924,0.13350002467632294,7
-51.815452575683594,-2.036195755004883,0.13262997567653656,-51.815452575683594,4.963804244995117,0.13262997567653656,7
