Original_X,Original_Y,Original_Z,Adjusted_X,Adjusted_Y,Adjusted_Z,Slice_Index
-5.153446197509766,0.6371211409568787,0.1410999745130539,-5.153446197509766,18.63712114095688,0.1410999745130539,20
-5.1362762451171875,0.6243253946304321,0.14083997905254364,-5.1362762451171875,18.624325394630432,0.14083997905254364,20
-5.105373382568359,0.5978444218635559,0.09988002479076385,-5.105373382568359,18.597844421863556,0.09988002479076385,20
-5.138385772705078,0.5738488435745239,0.10010002553462982,-5.138385772705078,18.573848843574524,0.10010002553462982,20
-5.003505706787109,0.6267350912094116,0.10005001723766327,-5.003505706787109,18.62673509120941,0.10005001723766327,20
-5.054847717285156,0.5960367918014526,0.10040001571178436,-5.054847717285156,18.596036791801453,0.10040001571178436,20
-5.020912170410156,0.5994053483009338,0.10075001418590546,-5.020912170410156,18.599405348300934,0.10075001418590546,20
-5.15960693359375,0.4660046696662903,0.14036999642848969,-5.15960693359375,18.46600466966629,0.14036999642848969,20
-4.981914520263672,0.439565509557724,0.10051999986171722,-4.981914520263672,18.439565509557724,0.10051999986171722,20
