Original_X,Original_Y,Original_Z,Adjusted_X,Adjusted_Y,Adjusted_Z,Slice_Index
6.871528625488281,0.02487032487988472,0.1376899927854538,6.871528625488281,17.024870324879885,0.1376899927854538,17
6.936187744140625,-0.008739161305129528,0.13759998977184296,6.936187744140625,16.99126083869487,0.13759998977184296,17
6.9500885009765625,-0.009661907330155373,0.13777999579906464,6.9500885009765625,16.990338092669845,0.13777999579906464,17
6.828365325927734,-0.07693956047296524,0.13930998742580414,6.828365325927734,16.923060439527035,0.13930998742580414,17
6.98272705078125,-0.01979629322886467,0.10430000722408295,6.98272705078125,16.980203706771135,0.10430000722408295,17
7.011100769042969,-0.028881311416625977,0.13793997466564178,7.011100769042969,16.971118688583374,0.13793997466564178,17
6.903888702392578,-0.10262905806303024,0.1398100107908249,6.903888702392578,16.89737094193697,0.1398100107908249,17
6.916477203369141,-0.10647536814212799,0.13986997306346893,6.916477203369141,16.893524631857872,0.13986997306346893,17
6.920269012451172,-0.11239448934793472,0.13969998061656952,6.920269012451172,16.887605510652065,0.13969998061656952,17
6.957759857177734,-0.12021788954734802,0.1400199979543686,6.957759857177734,16.879782110452652,0.1400199979543686,17
6.9625701904296875,-0.12724082171916962,0.13985000550746918,6.9625701904296875,16.87275917828083,0.13985000550746918,17
6.997795104980469,-0.12297042459249496,0.10681997239589691,6.997795104980469,16.877029575407505,0.10681997239589691,17
