Original_X,Original_Y,Original_Z,Adjusted_X,Adjusted_Y,Adjusted_Z,Slice_Index
2.1488304138183594,-0.203922837972641,0.10402999818325043,2.1488304138183594,15.796077162027359,0.10402999818325043,16
2.1539344787597656,-0.23135685920715332,0.10535000264644623,2.1539344787597656,15.768643140792847,0.10535000264644623,16
2.2100257873535156,-0.24075250327587128,0.10474000871181488,2.2100257873535156,15.759247496724129,0.10474000871181488,16
2.2149658203125,-0.27079835534095764,0.14086000621318817,2.2149658203125,15.729201644659042,0.14086000621318817,16
2.195484161376953,-0.30566489696502686,0.10661999881267548,2.195484161376953,15.694335103034973,0.10661999881267548,16
