Original_X,Original_Y,Original_Z,Adjusted_X,Adjusted_Y,Adjusted_Z,Slice_Index
12.866226196289062,0.9989633560180664,0.12679998576641083,12.866226196289062,14.998963356018066,0.12679998576641083,22
12.86661148071289,0.8736153244972229,0.12858997285366058,12.86661148071289,14.873615324497223,0.12858997285366058,22
12.871902465820312,0.8409429788589478,0.11936001479625702,12.871902465820312,14.840942978858948,0.11936001479625702,22
