Original_X,Original_Y,Original_Z,Adjusted_X,Adjusted_Y,Adjusted_Z,Slice_Index
-17.03803253173828,1.6035770177841187,0.10290996730327606,-17.03803253173828,24.60357701778412,0.10290996730327606,25
-16.998210906982422,1.6165474653244019,0.09566996991634369,-16.998210906982422,24.616547465324402,0.09566996991634369,25
-16.97740936279297,1.6043379306793213,0.0958700031042099,-16.97740936279297,24.60433793067932,0.0958700031042099,25
-17.148113250732422,1.4878371953964233,0.1017100065946579,-17.148113250732422,24.487837195396423,0.1017100065946579,25
-17.12088394165039,1.4844911098480225,0.10089997947216034,-17.12088394165039,24.484491109848022,0.10089997947216034,25
-17.108200073242188,1.4717633724212646,0.10097001492977142,-17.108200073242188,24.471763372421265,0.10097001492977142,25
-17.10366439819336,1.4703304767608643,0.10121999680995941,-17.10366439819336,24.470330476760864,0.10121999680995941,25
-17.08636474609375,1.445770502090454,0.10123001039028168,-17.08636474609375,24.445770502090454,0.10123001039028168,25
