Original_X,Original_Y,Original_Z,Adjusted_X,Adjusted_Y,Adjusted_Z,Slice_Index
-15.95218276977539,2.222517967224121,0.0937800258398056,-15.95218276977539,30.22251796722412,0.0937800258398056,28
-15.936241149902344,2.220686912536621,0.09401999413967133,-15.936241149902344,30.22068691253662,0.09401999413967133,28
-15.8787841796875,2.2336878776550293,0.09404997527599335,-15.8787841796875,30.23368787765503,0.09404997527599335,28
-15.92093276977539,2.199383020401001,0.09483002126216888,-15.92093276977539,30.199383020401,0.09483002126216888,28
-15.888713836669922,2.09618878364563,0.09412001073360443,-15.888713836669922,30.09618878364563,0.09412001073360443,28
-15.961288452148438,2.0631160736083984,0.09452001750469208,-15.961288452148438,30.0631160736084,0.09452001750469208,28
-15.867462158203125,2.0386738777160645,0.10116998851299286,-15.867462158203125,30.038673877716064,0.10116998851299286,28
