Original_X,Original_Y,Original_Z,Adjusted_X,Adjusted_Y,Adjusted_Z,Slice_Index
-61.51783752441406,-0.9573104977607727,0.06734000146389008,-61.51783752441406,11.042689502239227,0.06734000146389008,12
-61.52500915527344,-0.9732154607772827,0.11379997432231903,-61.52500915527344,11.026784539222717,0.11379997432231903,12
-61.48188781738281,-0.9555987119674683,0.11389999091625214,-61.48188781738281,11.044401288032532,0.11389999091625214,12
-61.558815002441406,-1.001835584640503,0.06787000596523285,-61.558815002441406,10.998164415359497,0.06787000596523285,12
-61.478294372558594,-0.9806047081947327,0.06872998178005219,-61.478294372558594,11.019395291805267,0.06872998178005219,12
-61.463905334472656,-1.0528013706207275,0.07303999364376068,-61.463905334472656,10.947198629379272,0.07303999364376068,12
-61.45951843261719,-1.051926612854004,0.07293997704982758,-61.45951843261719,10.948073387145996,0.07293997704982758,12
-61.56495666503906,-1.118295669555664,0.1139100044965744,-61.56495666503906,10.881704330444336,0.1139100044965744,12
-61.438507080078125,-1.107313871383667,0.07420001924037933,-61.438507080078125,10.892686128616333,0.07420001924037933,12
