Original_X,Original_Y,Original_Z,Adjusted_X,Adjusted_Y,Adjusted_Z,Slice_Index
-55.3970947265625,1.6490392684936523,0.07843999564647675,-55.3970947265625,24.649039268493652,0.07843999564647675,25
-55.536582946777344,1.5631935596466064,0.07740996778011322,-55.536582946777344,24.563193559646606,0.07740996778011322,25
-55.528343200683594,1.5566704273223877,0.0778300017118454,-55.528343200683594,24.556670427322388,0.0778300017118454,25
-55.557159423828125,1.5431238412857056,0.07823000848293304,-55.557159423828125,24.543123841285706,0.07823000848293304,25
-55.502471923828125,1.5428346395492554,0.07802997529506683,-55.502471923828125,24.542834639549255,0.07802997529506683,25
-55.466766357421875,1.5226492881774902,0.07794998586177826,-55.466766357421875,24.52264928817749,0.07794998586177826,25
-55.459930419921875,1.513464331626892,0.07823000848293304,-55.459930419921875,24.513464331626892,0.07823000848293304,25
-55.38944625854492,1.5094575881958008,0.07779000699520111,-55.38944625854492,24.5094575881958,0.07779000699520111,25
-55.37818908691406,1.4944608211517334,0.07818000018596649,-55.37818908691406,24.494460821151733,0.07818000018596649,25
