Original_X,Original_Y,Original_Z,Adjusted_X,Adjusted_Y,Adjusted_Z,Slice_Index
12.859275817871094,0.2704627513885498,0.11725001037120819,12.859275817871094,11.27046275138855,0.11725001037120819,19
12.862594604492188,0.2395196110010147,0.11753998696804047,12.862594604492188,11.239519611001015,0.11753998696804047,19
