Original_X,Original_Y,Original_Z,Adjusted_X,Adjusted_Y,Adjusted_Z,Slice_Index
2.173137664794922,0.6893115639686584,0.10693000257015228,2.173137664794922,21.68931156396866,0.10693000257015228,21
2.2133636474609375,0.6590489745140076,0.10716001689434052,2.2133636474609375,21.659048974514008,0.10716001689434052,21
2.2197494506835938,0.6553176045417786,0.10715000331401825,2.2197494506835938,21.65531760454178,0.10715000331401825,21
