Original_X,Original_Y,Original_Z,Adjusted_X,Adjusted_Y,Adjusted_Z,Slice_Index
-65.17658996582031,0.4196169376373291,0.06630001962184906,-65.17658996582031,19.41961693763733,0.06630001962184906,19
-65.12606811523438,0.4224514961242676,0.06139998510479927,-65.12606811523438,19.422451496124268,0.06139998510479927,19
-65.05524444580078,0.4253457188606262,0.062319982796907425,-65.05524444580078,19.425345718860626,0.062319982796907425,19
-65.17617797851562,0.37012049555778503,0.06759999692440033,-65.17617797851562,19.370120495557785,0.06759999692440033,19
-65.04126739501953,0.41214942932128906,0.06285999715328217,-65.04126739501953,19.41214942932129,0.06285999715328217,19
-65.0489273071289,0.40144291520118713,0.0630599707365036,-65.0489273071289,19.401442915201187,0.0630599707365036,19
-65.17391204833984,0.34272122383117676,0.06410001218318939,-65.17391204833984,19.342721223831177,0.06410001218318939,19
-65.1756591796875,0.2864399552345276,0.07175998389720917,-65.1756591796875,19.286439955234528,0.07175998389720917,19
-65.17500305175781,0.27241620421409607,0.06586997210979462,-65.17500305175781,19.272416204214096,0.06586997210979462,19
