Original_X,Original_Y,Original_Z,Adjusted_X,Adjusted_Y,Adjusted_Z,Slice_Index
-17.126319885253906,2.3692286014556885,0.0986500233411789,-17.126319885253906,29.36922860145569,0.0986500233411789,29
-17.175762176513672,2.3184170722961426,0.09285996854305267,-17.175762176513672,29.318417072296143,0.09285996854305267,29
-17.11351776123047,2.3307371139526367,0.09295998513698578,-17.11351776123047,29.330737113952637,0.09295998513698578,29
-17.056549072265625,2.3456780910491943,0.09307996928691864,-17.056549072265625,29.345678091049194,0.09307996928691864,29
-17.083934783935547,2.324955701828003,0.09356997907161713,-17.083934783935547,29.324955701828003,0.09356997907161713,29
-16.999664306640625,2.3591370582580566,0.09303002059459686,-16.999664306640625,29.359137058258057,0.09303002059459686,29
-17.050498962402344,2.3375236988067627,0.09326998889446259,-17.050498962402344,29.337523698806763,0.09326998889446259,29
-17.15355682373047,2.2410669326782227,0.08974997699260712,-17.15355682373047,29.241066932678223,0.08974997699260712,29
