Original_X,Original_Y,Original_Z,Adjusted_X,Adjusted_Y,Adjusted_Z,Slice_Index
-6.361148834228516,0.3578851819038391,0.13976000249385834,-6.361148834228516,19.35788518190384,0.13976000249385834,19
-6.345184326171875,0.32359445095062256,0.09682999551296234,-6.345184326171875,19.323594450950623,0.09682999551296234,19
-6.293544769287109,0.3420756757259369,0.13978998363018036,-6.293544769287109,19.342075675725937,0.13978998363018036,19
-6.257389068603516,0.32833361625671387,0.13972000777721405,-6.257389068603516,19.328333616256714,0.13972000777721405,19
-6.244232177734375,0.32805541157722473,0.13982997834682465,-6.244232177734375,19.328055411577225,0.13982997834682465,19
-6.198711395263672,0.3243585228919983,0.1402900069952011,-6.198711395263672,19.324358522892,0.1402900069952011,19
