Original_X,Original_Y,Original_Z,Adjusted_X,Adjusted_Y,Adjusted_Z,Slice_Index
-36.36147689819336,1.623101830482483,0.08275000751018524,-36.36147689819336,25.623101830482483,0.08275000751018524,25
-36.29206466674805,1.6175966262817383,0.0828699916601181,-36.29206466674805,25.61759662628174,0.0828699916601181,25
-36.31043243408203,1.599764108657837,0.08338998258113861,-36.31043243408203,25.599764108657837,0.08338998258113861,25
-36.277313232421875,1.6068438291549683,0.08320997655391693,-36.277313232421875,25.60684382915497,0.08320997655391693,25
-36.37472152709961,1.492464542388916,0.08251999318599701,-36.37472152709961,25.492464542388916,0.08251999318599701,25
-36.32225036621094,1.5128498077392578,0.10077999532222748,-36.32225036621094,25.512849807739258,0.10077999532222748,25
-36.23649597167969,1.5297112464904785,0.09961996972560883,-36.23649597167969,25.52971124649048,0.09961996972560883,25
-36.28560256958008,1.4764094352722168,0.08284001052379608,-36.28560256958008,25.476409435272217,0.08284001052379608,25
-36.22593307495117,1.4787980318069458,0.09962998330593109,-36.22593307495117,25.478798031806946,0.09962998330593109,25
