Original_X,Original_Y,Original_Z,Adjusted_X,Adjusted_Y,Adjusted_Z,Slice_Index
-45.82432174682617,-0.17956925928592682,0.08415000140666962,-45.82432174682617,15.820430740714073,0.08415000140666962,16
-45.95643997192383,-0.2628287076950073,0.12449000775814056,-45.95643997192383,15.737171292304993,0.12449000775814056,16
-45.90554428100586,-0.24360375106334686,0.1250399798154831,-45.90554428100586,15.756396248936653,0.1250399798154831,16
-45.886878967285156,-0.2466753125190735,0.12476997077465057,-45.886878967285156,15.753324687480927,0.12476997077465057,16
-45.91439437866211,-0.2606256604194641,0.12431000173091888,-45.91439437866211,15.739374339580536,0.12431000173091888,16
-45.798606872558594,-0.23855796456336975,0.1245800107717514,-45.798606872558594,15.76144203543663,0.1245800107717514,16
-45.88452911376953,-0.3483301103115082,0.125699982047081,-45.88452911376953,15.651669889688492,0.125699982047081,16
-45.84859085083008,-0.34734633564949036,0.12551002204418182,-45.84859085083008,15.65265366435051,0.12551002204418182,16
-45.779083251953125,-0.33767956495285034,0.12546996772289276,-45.779083251953125,15.66232043504715,0.12546996772289276,16
