Original_X,Original_Y,Original_Z,Adjusted_X,Adjusted_Y,Adjusted_Z,Slice_Index
-53.07634353637695,0.8148927688598633,0.07658998668193817,-53.07634353637695,20.814892768859863,0.07658998668193817,21
-53.069374084472656,0.7769087553024292,0.07776997983455658,-53.069374084472656,20.77690875530243,0.07776997983455658,21
-53.02556228637695,0.7655668258666992,0.07780997455120087,-53.02556228637695,20.7655668258667,0.07780997455120087,21
