Original_X,Original_Y,Original_Z,Adjusted_X,Adjusted_Y,Adjusted_Z,Slice_Index
-36.35041809082031,-0.27363309264183044,0.08883999288082123,-36.35041809082031,15.72636690735817,0.08883999288082123,16
