Original_X,Original_Y,Original_Z,Adjusted_X,Adjusted_Y,Adjusted_Z,Slice_Index
-63.97148895263672,-0.3805175721645355,0.11608998477458954,-63.97148895263672,14.619482427835464,0.11608998477458954,15
-63.85077667236328,-0.43438366055488586,0.11125998198986053,-63.85077667236328,14.565616339445114,0.11125998198986053,15
-63.787147521972656,-0.4130907952785492,0.1112699955701828,-63.787147521972656,14.58690920472145,0.1112699955701828,15
-63.932273864746094,-0.47713443636894226,0.06811998784542084,-63.932273864746094,14.522865563631058,0.06811998784542084,15
-63.89763641357422,-0.46725159883499146,0.11055998504161835,-63.89763641357422,14.532748401165009,0.11055998504161835,15
-63.80475616455078,-0.4994784891605377,0.06533996760845184,-63.80475616455078,14.500521510839462,0.06533996760845184,15
-63.869911193847656,-0.5415041446685791,0.0692099779844284,-63.869911193847656,14.458495855331421,0.0692099779844284,15
