Original_X,Original_Y,Original_Z,Adjusted_X,Adjusted_Y,Adjusted_Z,Slice_Index
-3.9397735595703125,-1.2340017557144165,0.10116998851299286,-3.9397735595703125,9.765998244285583,0.10116998851299286,11
