Original_X,Original_Y,Original_Z,Adjusted_X,Adjusted_Y,Adjusted_Z,Slice_Index
-6.341312408447266,0.99517822265625,0.14096997678279877,-6.341312408447266,22.99517822265625,0.14096997678279877,22
-6.372501373291016,0.9822298288345337,0.14009998738765717,-6.372501373291016,22.982229828834534,0.14009998738765717,22
-6.330287933349609,0.9805846214294434,0.1406400054693222,-6.330287933349609,22.980584621429443,0.1406400054693222,22
-6.2922515869140625,0.9733240008354187,0.14065997302532196,-6.2922515869140625,22.97332400083542,0.14065997302532196,22
-6.196781158447266,0.9568135142326355,0.140950009226799,-6.196781158447266,22.956813514232635,0.140950009226799,22
-6.341461181640625,0.8781803250312805,0.0999399870634079,-6.341461181640625,22.87818032503128,0.0999399870634079,22
-6.237251281738281,0.9206482172012329,0.09969000518321991,-6.237251281738281,22.920648217201233,0.09969000518321991,22
-6.189327239990234,0.9260329604148865,0.0999399870634079,-6.189327239990234,22.926032960414886,0.0999399870634079,22
-6.190521240234375,0.877687394618988,0.11393998563289642,-6.190521240234375,22.877687394618988,0.11393998563289642,22
