Original_X,Original_Y,Original_Z,Adjusted_X,Adjusted_Y,Adjusted_Z,Slice_Index
-2.747356414794922,1.2597805261611938,0.10033999383449554,-2.747356414794922,25.259780526161194,0.10033999383449554,24
-2.7676467895507812,1.240566372871399,0.10080002248287201,-2.7676467895507812,25.2405663728714,0.10080002248287201,24
-2.6366043090820312,1.3189098834991455,0.10026000440120697,-2.6366043090820312,25.318909883499146,0.10026000440120697,24
-2.595306396484375,1.3261173963546753,0.10035000741481781,-2.595306396484375,25.326117396354675,0.10035000741481781,24
-2.7278289794921875,1.2685496807098389,0.10029999911785126,-2.7278289794921875,25.26854968070984,0.10029999911785126,24
-2.6638832092285156,1.263378620147705,0.10133998095989227,-2.6638832092285156,25.263378620147705,0.10133998095989227,24
