Original_X,Original_Y,Original_Z,Adjusted_X,Adjusted_Y,Adjusted_Z,Slice_Index
-0.24127197265625,0.34505727887153625,0.10040001571178436,-0.24127197265625,19.345057278871536,0.10040001571178436,19
-0.32738494873046875,0.3087289333343506,0.10042999684810638,-0.32738494873046875,19.30872893333435,0.10042999684810638,19
