Original_X,Original_Y,Original_Z,Adjusted_X,Adjusted_Y,Adjusted_Z,Slice_Index
-8.739444732666016,-0.26738905906677246,0.13902001082897186,-8.739444732666016,15.732610940933228,0.13902001082897186,16
-8.645137786865234,-0.16881078481674194,0.13832996785640717,-8.645137786865234,15.831189215183258,0.13832996785640717,16
-8.691680908203125,-0.27444228529930115,0.1392500251531601,-8.691680908203125,15.725557714700699,0.1392500251531601,16
-8.60843276977539,-0.2914697825908661,0.13944999873638153,-8.60843276977539,15.708530217409134,0.13944999873638153,16
