Original_X,Original_Y,Original_Z,Adjusted_X,Adjusted_Y,Adjusted_Z,Slice_Index
10.47305679321289,-0.39788055419921875,0.09967999160289764,10.47305679321289,14.602119445800781,0.09967999160289764,15
10.43142318725586,-0.4521898627281189,0.10063998401165009,10.43142318725586,14.547810137271881,0.10063998401165009,15
10.4356689453125,-0.4688956141471863,0.10102997720241547,10.4356689453125,14.531104385852814,0.10102997720241547,15
