Original_X,Original_Y,Original_Z,Adjusted_X,Adjusted_Y,Adjusted_Z,Slice_Index
2.0239028930664062,-0.6722672581672668,0.10717998445034027,2.0239028930664062,13.327732741832733,0.10717998445034027,14
2.0274658203125,-0.68644118309021,0.10211001336574554,2.0274658203125,13.31355881690979,0.10211001336574554,14
2.077808380126953,-0.7320297956466675,0.10830996930599213,2.077808380126953,13.267970204353333,0.10830996930599213,14
2.0602645874023438,-0.6280532479286194,0.1417900174856186,2.0602645874023438,13.37194675207138,0.1417900174856186,14
2.116741180419922,-0.6344525218009949,0.14242999255657196,2.116741180419922,13.365547478199005,0.14242999255657196,14
2.1630859375,-0.6251756548881531,0.10185001790523529,2.1630859375,13.374824345111847,0.10185001790523529,14
2.127483367919922,-0.6405671834945679,0.14233998954296112,2.127483367919922,13.359432816505432,0.14233998954296112,14
2.1288299560546875,-0.648648202419281,0.10215000808238983,2.1288299560546875,13.351351797580719,0.10215000808238983,14
2.12884521484375,-0.6562175154685974,0.1025799959897995,2.12884521484375,13.343782484531403,0.1025799959897995,14
2.150928497314453,-0.6479073762893677,0.1424100250005722,2.150928497314453,13.352092623710632,0.1424100250005722,14
2.0984458923339844,-0.7142733335494995,0.10756997764110565,2.0984458923339844,13.2857266664505,0.10756997764110565,14
