Original_X,Original_Y,Original_Z,Adjusted_X,Adjusted_Y,Adjusted_Z,Slice_Index
5.821197509765625,0.8346496820449829,0.14311997592449188,5.821197509765625,21.834649682044983,0.14311997592449188,21
5.6358795166015625,0.7497197985649109,0.14320997893810272,5.6358795166015625,21.74971979856491,0.14320997893810272,21
5.677558898925781,0.7464911937713623,0.10808001458644867,5.677558898925781,21.746491193771362,0.10808001458644867,21
5.684268951416016,0.72710120677948,0.14315997064113617,5.684268951416016,21.72710120677948,0.14315997064113617,21
5.725322723388672,0.7307771444320679,0.10783998668193817,5.725322723388672,21.730777144432068,0.10783998668193817,21
5.730632781982422,0.728984534740448,0.10781000554561615,5.730632781982422,21.728984534740448,0.10781000554561615,21
5.810405731201172,0.7510181665420532,0.10294000804424286,5.810405731201172,21.751018166542053,0.10294000804424286,21
5.7978363037109375,0.7362020611763,0.10320000350475311,5.7978363037109375,21.7362020611763,0.10320000350475311,21
5.766868591308594,0.7188765406608582,0.10765998065471649,5.766868591308594,21.718876540660858,0.10765998065471649,21
5.659244537353516,0.6658579111099243,0.10317997634410858,5.659244537353516,21.665857911109924,0.10317997634410858,21
5.7751922607421875,0.7034162282943726,0.10786996781826019,5.7751922607421875,21.703416228294373,0.10786996781826019,21
5.790382385253906,0.6864993572235107,0.14315001666545868,5.790382385253906,21.68649935722351,0.14315001666545868,21
5.822044372558594,0.6569232940673828,0.1424800008535385,5.822044372558594,21.656923294067383,0.1424800008535385,21
