Original_X,Original_Y,Original_Z,Adjusted_X,Adjusted_Y,Adjusted_Z,Slice_Index
-5.056514739990234,0.15931378304958344,0.09596000611782074,-5.056514739990234,16.159313783049583,0.09596000611782074,18
-4.981151580810547,0.12285395711660385,0.09838001430034637,-4.981151580810547,16.122853957116604,0.09838001430034637,18
-5.051288604736328,0.057248860597610474,0.09377001225948334,-5.051288604736328,16.05724886059761,0.09377001225948334,18
