Original_X,Original_Y,Original_Z,Adjusted_X,Adjusted_Y,Adjusted_Z,Slice_Index
-20.743263244628906,1.617275595664978,0.13547001779079437,-20.743263244628906,26.617275595664978,0.13547001779079437,25
-20.706195831298828,1.5770565271377563,0.13429997861385345,-20.706195831298828,26.577056527137756,0.13429997861385345,25
-20.732059478759766,1.5201181173324585,0.09334002435207367,-20.732059478759766,26.52011811733246,0.09334002435207367,25
-20.76312255859375,1.5053527355194092,0.09351997077465057,-20.76312255859375,26.50535273551941,0.09351997077465057,25
-20.677227020263672,1.5114362239837646,0.09385000169277191,-20.677227020263672,26.511436223983765,0.09385000169277191,25
-20.721294403076172,1.4493969678878784,0.135080024600029,-20.721294403076172,26.44939696788788,0.135080024600029,25
