Original_X,Original_Y,Original_Z,Adjusted_X,Adjusted_Y,Adjusted_Z,Slice_Index
-15.8216552734375,-0.5630835890769958,0.1383100003004074,-15.8216552734375,13.436916410923004,0.1383100003004074,14
-15.779727935791016,-0.5642296075820923,0.13863001763820648,-15.779727935791016,13.435770392417908,0.13863001763820648,14
-15.923591613769531,-0.6646263599395752,0.1384900063276291,-15.923591613769531,13.335373640060425,0.1384900063276291,14
-15.906906127929688,-0.6660074591636658,0.1382800191640854,-15.906906127929688,13.333992540836334,0.1382800191640854,14
-15.82421875,-0.6711990237236023,0.13889001309871674,-15.82421875,13.328800976276398,0.13889001309871674,14
-15.784629821777344,-0.6822214722633362,0.13893000781536102,-15.784629821777344,13.317778527736664,0.13893000781536102,14
