Original_X,Original_Y,Original_Z,Adjusted_X,Adjusted_Y,Adjusted_Z,Slice_Index
-56.75901794433594,0.03683670982718468,0.07303999364376068,-56.75901794433594,17.036836709827185,0.07303999364376068,17
-56.71648025512695,0.02823481522500515,0.0729600042104721,-56.71648025512695,17.028234815225005,0.0729600042104721,17
-56.76211929321289,0.0015328750014305115,0.11602000892162323,-56.76211929321289,17.00153287500143,0.11602000892162323,17
-56.74896240234375,-0.008051141165196896,0.07385997474193573,-56.74896240234375,16.991948858834803,0.07385997474193573,17
-56.7113151550293,-0.07798858731985092,0.1182200163602829,-56.7113151550293,16.92201141268015,0.1182200163602829,17
-56.71897506713867,-0.1502046138048172,0.07780002057552338,-56.71897506713867,16.849795386195183,0.07780002057552338,17
