Original_X,Original_Y,Original_Z,Adjusted_X,Adjusted_Y,Adjusted_Z,Slice_Index
-0.31122589111328125,0.7753289937973022,0.11968998610973358,-0.31122589111328125,21.775328993797302,0.11968998610973358,21
-0.19200897216796875,0.7442854642868042,0.10106001794338226,-0.19200897216796875,21.744285464286804,0.10106001794338226,21
-0.3535003662109375,0.6707928776741028,0.10128997266292572,-0.3535003662109375,21.670792877674103,0.10128997266292572,21
-0.20586395263671875,0.7306588292121887,0.10132001340389252,-0.20586395263671875,21.73065882921219,0.10132001340389252,21
-0.2964210510253906,0.6842653751373291,0.10145001113414764,-0.2964210510253906,21.68426537513733,0.10145001113414764,21
-0.3586578369140625,0.6514366865158081,0.10169999301433563,-0.3586578369140625,21.651436686515808,0.10169999301433563,21
-0.276824951171875,0.6806454062461853,0.10186998546123505,-0.276824951171875,21.680645406246185,0.10186998546123505,21
