Original_X,Original_Y,Original_Z,Adjusted_X,Adjusted_Y,Adjusted_Z,Slice_Index
2.1076889038085938,-0.9733577966690063,0.10816000401973724,2.1076889038085938,11.026642203330994,0.10816000401973724,12
2.131023406982422,-0.980548083782196,0.1080700010061264,2.131023406982422,11.019451916217804,0.1080700010061264,12
2.1807632446289062,-0.9850621223449707,0.10738001763820648,2.1807632446289062,11.01493787765503,0.10738001763820648,12
2.0898590087890625,-1.0449457168579102,0.1422799676656723,2.0898590087890625,10.95505428314209,0.1422799676656723,12
2.1421241760253906,-1.0726702213287354,0.14187000691890717,2.1421241760253906,10.927329778671265,0.14187000691890717,12
2.1518478393554688,-1.079931616783142,0.14172999560832977,2.1518478393554688,10.920068383216858,0.14172999560832977,12
2.1762237548828125,-1.0847110748291016,0.14193998277187347,2.1762237548828125,10.915288925170898,0.14193998277187347,12
2.1571617126464844,-1.1132537126541138,0.10194997489452362,2.1571617126464844,10.886746287345886,0.10194997489452362,12
