Original_X,Original_Y,Original_Z,Adjusted_X,Adjusted_Y,Adjusted_Z,Slice_Index
-36.3412971496582,2.4253103733062744,0.0810999721288681,-36.3412971496582,30.425310373306274,0.0810999721288681,29
-36.31887435913086,2.4178409576416016,0.08127997815608978,-36.31887435913086,30.4178409576416,0.08127997815608978,29
-36.285484313964844,2.4265027046203613,0.07732002437114716,-36.285484313964844,30.42650270462036,0.07732002437114716,29
-36.28448486328125,2.4163970947265625,0.08130000531673431,-36.28448486328125,30.416397094726562,0.08130000531673431,29
-36.290977478027344,2.4070420265197754,0.07757000625133514,-36.290977478027344,30.407042026519775,0.07757000625133514,29
-36.344261169433594,2.3290653228759766,0.0803699940443039,-36.344261169433594,30.329065322875977,0.0803699940443039,29
-36.187870025634766,2.3925774097442627,0.08975999057292938,-36.187870025634766,30.392577409744263,0.08975999057292938,29
-36.27429962158203,2.3006372451782227,0.08126001060009003,-36.27429962158203,30.300637245178223,0.08126001060009003,29
-36.36609649658203,2.255211114883423,0.08874998986721039,-36.36609649658203,30.255211114883423,0.08874998986721039,29
