Original_X,Original_Y,Original_Z,Adjusted_X,Adjusted_Y,Adjusted_Z,Slice_Index
-53.10577392578125,-1.1636043787002563,0.1278899759054184,-53.10577392578125,9.836395621299744,0.1278899759054184,11
-53.03193283081055,-1.1788865327835083,0.12884001433849335,-53.03193283081055,9.821113467216492,0.12884001433849335,11
-53.112430572509766,-1.2142325639724731,0.0798100084066391,-53.112430572509766,9.785767436027527,0.0798100084066391,11
-53.068119049072266,-1.2221945524215698,0.08009998500347137,-53.068119049072266,9.77780544757843,0.08009998500347137,11
-53.08893585205078,-1.2359994649887085,0.0805799812078476,-53.08893585205078,9.764000535011292,0.0805799812078476,11
-53.01280975341797,-1.2768968343734741,0.08108000457286835,-53.01280975341797,9.723103165626526,0.08108000457286835,11
