Original_X,Original_Y,Original_Z,Adjusted_X,Adjusted_Y,Adjusted_Z,Slice_Index
-53.01738739013672,0.24361829459667206,0.07777999341487885,-53.01738739013672,17.243618294596672,0.07777999341487885,18
-53.00770950317383,0.23656201362609863,0.07790999114513397,-53.00770950317383,17.2365620136261,0.07790999114513397,18
-53.083072662353516,0.14444127678871155,0.07568000257015228,-53.083072662353516,17.14444127678871,0.07568000257015228,18
-53.07441711425781,0.13122856616973877,0.07600997388362885,-53.07441711425781,17.13122856616974,0.07600997388362885,18
-53.03221130371094,0.12941816449165344,0.07583998143672943,-53.03221130371094,17.129418164491653,0.07583998143672943,18
-53.01401901245117,0.09848356992006302,0.07648997008800507,-53.01401901245117,17.098483569920063,0.07648997008800507,18
-53.06013488769531,0.049236003309488297,0.07310996949672699,-53.06013488769531,17.04923600330949,0.07310996949672699,18
