Original_X,Original_Y,Original_Z,Adjusted_X,Adjusted_Y,Adjusted_Z,Slice_Index
-61.5494384765625,-2.152400016784668,0.11770002543926239,-61.5494384765625,3.847599983215332,0.11770002543926239,6
-61.564239501953125,-2.228325843811035,0.07889001071453094,-61.564239501953125,3.771674156188965,0.07889001071453094,6
-61.44377899169922,-2.2032110691070557,0.11890999972820282,-61.44377899169922,3.7967889308929443,0.11890999972820282,6
-61.50263977050781,-2.227952480316162,0.0778300017118454,-61.50263977050781,3.772047519683838,0.0778300017118454,6
-61.381797790527344,-2.183218479156494,0.11884002387523651,-61.381797790527344,3.816781520843506,0.11884002387523651,6
-61.476104736328125,-2.295628070831299,0.07928000390529633,-61.476104736328125,3.704371929168701,0.07928000390529633,6
-61.50153350830078,-2.3182923793792725,0.11994998157024384,-61.50153350830078,3.6817076206207275,0.11994998157024384,6
-61.40510559082031,-2.283189296722412,0.11998997628688812,-61.40510559082031,3.716810703277588,0.11998997628688812,6
-61.549652099609375,-2.3438003063201904,0.11955998837947845,-61.549652099609375,3.6561996936798096,0.11955998837947845,6
