Original_X,Original_Y,Original_Z,Adjusted_X,Adjusted_Y,Adjusted_Z,Slice_Index
-20.744525909423828,-1.0363997220993042,0.13714002072811127,-20.744525909423828,10.963600277900696,0.13714002072811127,12
-20.759593963623047,-1.1555815935134888,0.1368200033903122,-20.759593963623047,10.844418406486511,0.1368200033903122,12
-20.732162475585938,-1.1531097888946533,0.13689999282360077,-20.732162475585938,10.846890211105347,0.13689999282360077,12
-20.668819427490234,-1.1447607278823853,0.09764997661113739,-20.668819427490234,10.855239272117615,0.09764997661113739,12
