Original_X,Original_Y,Original_Z,Adjusted_X,Adjusted_Y,Adjusted_Z,Slice_Index
10.452926635742188,-0.7671982645988464,0.1024700254201889,10.452926635742188,12.232801735401154,0.1024700254201889,13
10.482841491699219,-0.7640872597694397,0.10286001861095428,10.482841491699219,12.23591274023056,0.10286001861095428,13
