Original_X,Original_Y,Original_Z,Adjusted_X,Adjusted_Y,Adjusted_Z,Slice_Index
-37.50099182128906,0.02319158986210823,0.1248999685049057,-37.50099182128906,17.02319158986211,0.1248999685049057,17
-37.56754684448242,-0.062403734773397446,0.1271899789571762,-37.56754684448242,16.937596265226603,0.1271899789571762,17
-37.48176574707031,-0.05109561234712601,0.12728999555110931,-37.48176574707031,16.948904387652874,0.12728999555110931,17
-37.44274139404297,-0.05252426862716675,0.12734000384807587,-37.44274139404297,16.947475731372833,0.12734000384807587,17
-37.46087646484375,-0.15482458472251892,0.12837998569011688,-37.46087646484375,16.84517541527748,0.12837998569011688,17
