Original_X,Original_Y,Original_Z,Adjusted_X,Adjusted_Y,Adjusted_Z,Slice_Index
11.811149597167969,-1.3958579301834106,0.10232000052928925,11.811149597167969,8.60414206981659,0.10232000052928925,10
11.692436218261719,-1.4862406253814697,0.10300998389720917,11.692436218261719,8.51375937461853,0.10300998389720917,10
11.77532958984375,-1.4745783805847168,0.10384999215602875,11.77532958984375,8.525421619415283,0.10384999215602875,10
11.712570190429688,-1.5062391757965088,0.10377000272274017,11.712570190429688,8.493760824203491,0.10377000272274017,10
11.708984375,-1.5160884857177734,0.10361002385616302,11.708984375,8.483911514282227,0.10361002385616302,10
11.741584777832031,-1.5039108991622925,0.15351001918315887,11.741584777832031,8.496089100837708,0.15351001918315887,10
11.658519744873047,-1.5573762655258179,0.10391001403331757,11.658519744873047,8.442623734474182,0.10391001403331757,10
11.77847671508789,-1.5610870122909546,0.15372000634670258,11.77847671508789,8.438912987709045,0.15372000634670258,10
