Original_X,Original_Y,Original_Z,Adjusted_X,Adjusted_Y,Adjusted_Z,Slice_Index
-6.334117889404297,0.5396438241004944,0.14122997224330902,-6.334117889404297,20.539643824100494,0.14122997224330902,20
-6.350921630859375,0.5173062086105347,0.14026997983455658,-6.350921630859375,20.517306208610535,0.14026997983455658,20
-6.331317901611328,0.5166683793067932,0.14055000245571136,-6.331317901611328,20.516668379306793,0.14055000245571136,20
-6.2286529541015625,0.5480080842971802,0.10005997121334076,-6.2286529541015625,20.54800808429718,0.10005997121334076,20
-6.230251312255859,0.49786290526390076,0.14091001451015472,-6.230251312255859,20.4978629052639,0.14091001451015472,20
-6.226696014404297,0.4878937005996704,0.14052002131938934,-6.226696014404297,20.48789370059967,0.14052002131938934,20
