Original_X,Original_Y,Original_Z,Adjusted_X,Adjusted_Y,Adjusted_Z,Slice_Index
-56.65854263305664,1.43562912940979,0.07772998511791229,-56.65854263305664,25.43562912940979,0.07772998511791229,24
-56.665504455566406,1.430800437927246,0.07788001000881195,-56.665504455566406,25.430800437927246,0.07788001000881195,24
-56.746368408203125,1.3303711414337158,0.07662998139858246,-56.746368408203125,25.330371141433716,0.07662998139858246,24
-56.760074615478516,1.3175768852233887,0.07714997231960297,-56.760074615478516,25.31757688522339,0.07714997231960297,24
-56.664573669433594,1.321305751800537,0.07662998139858246,-56.664573669433594,25.321305751800537,0.07662998139858246,24
-56.635498046875,1.2898341417312622,0.07705996930599213,-56.635498046875,25.289834141731262,0.07705996930599213,24
-56.623802185058594,1.2757484912872314,0.07731001079082489,-56.623802185058594,25.27574849128723,0.07731001079082489,24
-56.58809280395508,1.279114007949829,0.07670997083187103,-56.58809280395508,25.27911400794983,0.07670997083187103,24
