Original_X,Original_Y,Original_Z,Adjusted_X,Adjusted_Y,Adjusted_Z,Slice_Index
4.497486114501953,0.4229001998901367,0.14162002503871918,4.497486114501953,19.422900199890137,0.14162002503871918,19
4.556064605712891,0.41494718194007874,0.14193998277187347,4.556064605712891,19.41494718194008,0.14193998277187347,19
4.465995788574219,0.37560632824897766,0.10576002299785614,4.465995788574219,19.375606328248978,0.10576002299785614,19
4.477558135986328,0.36773014068603516,0.10611002147197723,4.477558135986328,19.367730140686035,0.10611002147197723,19
4.47003173828125,0.35869330167770386,0.1060200184583664,4.47003173828125,19.358693301677704,0.1060200184583664,19
4.556476593017578,0.3934912085533142,0.14124999940395355,4.556476593017578,19.393491208553314,0.14124999940395355,19
4.493991851806641,0.35520392656326294,0.10594998300075531,4.493991851806641,19.355203926563263,0.10594998300075531,19
4.450054168701172,0.2781851887702942,0.1413699835538864,4.450054168701172,19.278185188770294,0.1413699835538864,19
4.5662384033203125,0.31885984539985657,0.10606001317501068,4.5662384033203125,19.318859845399857,0.10606001317501068,19
4.461925506591797,0.2735772132873535,0.14139001071453094,4.461925506591797,19.273577213287354,0.14139001071453094,19
4.581382751464844,0.3224134147167206,0.10566000640392303,4.581382751464844,19.32241341471672,0.10566000640392303,19
