Original_X,Original_Y,Original_Z,Adjusted_X,Adjusted_Y,Adjusted_Z,Slice_Index
-2.775867462158203,-2.3201541900634766,0.15408997237682343,-2.775867462158203,3.6798458099365234,0.15408997237682343,6
-2.7491226196289062,-2.324892044067383,0.15404997766017914,-2.7491226196289062,3.675107955932617,0.15404997766017914,6
-2.728893280029297,-2.325847864151001,0.1060899943113327,-2.728893280029297,3.674152135848999,0.1060899943113327,6
-2.6051025390625,-2.279911756515503,0.10572998225688934,-2.6051025390625,3.720088243484497,0.10572998225688934,6
-2.5925025939941406,-2.3010072708129883,0.10624997317790985,-2.5925025939941406,3.6989927291870117,0.10624997317790985,6
