Original_X,Original_Y,Original_Z,Adjusted_X,Adjusted_Y,Adjusted_Z,Slice_Index
-1.4592170715332031,0.1964098960161209,0.09712998569011688,-1.4592170715332031,18.19640989601612,0.09712998569011688,18
-1.4263114929199219,0.17342934012413025,0.0973999947309494,-1.4263114929199219,18.17342934012413,0.0973999947309494,18
-1.4180221557617188,0.11909665912389755,0.09893999993801117,-1.4180221557617188,18.119096659123898,0.09893999993801117,18
-1.3844375610351562,0.12301503121852875,0.09927998483181,-1.3844375610351562,18.12301503121853,0.09927998483181,18
