Original_X,Original_Y,Original_Z,Adjusted_X,Adjusted_Y,Adjusted_Z,Slice_Index
-21.846946716308594,2.032810926437378,0.097990021109581,-21.846946716308594,29.032810926437378,0.097990021109581,27
-21.95677947998047,1.9618957042694092,0.09063999354839325,-21.95677947998047,28.96189570426941,0.09063999354839325,27
-21.822860717773438,2.0138309001922607,0.09789000451564789,-21.822860717773438,29.01383090019226,0.09789000451564789,27
-21.880268096923828,1.9780232906341553,0.09066997468471527,-21.880268096923828,28.978023290634155,0.09066997468471527,27
-21.855987548828125,1.9726020097732544,0.09091000258922577,-21.855987548828125,28.972602009773254,0.09091000258922577,27
-21.96356201171875,1.896170973777771,0.09704999625682831,-21.96356201171875,28.89617097377777,0.09704999625682831,27
-21.95327377319336,1.9001061916351318,0.1332399696111679,-21.95327377319336,28.900106191635132,0.1332399696111679,27
-21.803466796875,1.898614525794983,0.13384000957012177,-21.803466796875,28.898614525794983,0.13384000957012177,27
