Original_X,Original_Y,Original_Z,Adjusted_X,Adjusted_Y,Adjusted_Z,Slice_Index
-21.937705993652344,-3.23343825340271,0.12731997668743134,-21.937705993652344,-2.23343825340271,0.12731997668743134,1
-21.798690795898438,-3.183668375015259,0.1324000209569931,-21.798690795898438,-2.183668375015259,0.1324000209569931,1
-21.783370971679688,-3.2437164783477783,0.14162002503871918,-21.783370971679688,-2.2437164783477783,0.14162002503871918,1
-21.92351531982422,-3.3336851596832275,0.09339998662471771,-21.92351531982422,-2.3336851596832275,0.09339998662471771,1
-21.825176239013672,-3.294523000717163,0.13938002288341522,-21.825176239013672,-2.294523000717163,0.13938002288341522,1
-21.801910400390625,-3.3217549324035645,0.12674002349376678,-21.801910400390625,-2.3217549324035645,0.12674002349376678,1
