Original_X,Original_Y,Original_Z,Adjusted_X,Adjusted_Y,Adjusted_Z,Slice_Index
14.120315551757812,-3.370901584625244,0.16474001109600067,14.120315551757812,-3.370901584625244,0.16474001109600067,0
14.122062683105469,-3.388620138168335,0.15278999507427216,14.122062683105469,-3.388620138168335,0.15278999507427216,0
14.121978759765625,-3.410473346710205,0.15173999965190887,14.121978759765625,-3.410473346710205,0.15173999965190887,0
14.121406555175781,-3.4237542152404785,0.16725002229213715,14.121406555175781,-3.4237542152404785,0.16725002229213715,0
14.121646881103516,-3.4324100017547607,0.15640000998973846,14.121646881103516,-3.4324100017547607,0.15640000998973846,0
14.121223449707031,-3.453009605407715,0.1554800122976303,14.121223449707031,-3.453009605407715,0.1554800122976303,0
14.119091033935547,-3.4682981967926025,0.16040001809597015,14.119091033935547,-3.4682981967926025,0.16040001809597015,0
14.121406555175781,-3.478801727294922,0.17562000453472137,14.121406555175781,-3.478801727294922,0.17562000453472137,0
14.140846252441406,-3.484032154083252,0.1490200012922287,14.140846252441406,-3.484032154083252,0.1490200012922287,0
14.124832153320312,-3.540038585662842,0.16834001243114471,14.124832153320312,-3.540038585662842,0.16834001243114471,0
14.13021469116211,-3.5630950927734375,0.15645001828670502,14.13021469116211,-3.5630950927734375,0.15645001828670502,0
