Original_X,Original_Y,Original_Z,Adjusted_X,Adjusted_Y,Adjusted_Z,Slice_Index
2.0706558227539062,1.7579734325408936,0.10229001939296722,2.0706558227539062,27.757973432540894,0.10229001939296722,26
2.1418380737304688,1.787155270576477,0.10216997563838959,2.1418380737304688,27.787155270576477,0.10216997563838959,26
2.2133941650390625,1.811981439590454,0.10255001485347748,2.2133941650390625,27.811981439590454,0.10255001485347748,26
2.1984939575195312,1.7967071533203125,0.10265998542308807,2.1984939575195312,27.796707153320312,0.10265998542308807,26
2.0845413208007812,1.7428990602493286,0.10272000730037689,2.0845413208007812,27.74289906024933,0.10272000730037689,26
2.0600967407226562,1.7286957502365112,0.1025799959897995,2.0600967407226562,27.72869575023651,0.1025799959897995,26
2.036945343017578,1.7085133790969849,0.10281001031398773,2.036945343017578,27.708513379096985,0.10281001031398773,26
2.0608139038085938,1.717000961303711,0.1029999703168869,2.0608139038085938,27.71700096130371,0.1029999703168869,26
2.1118736267089844,1.7309772968292236,0.10326997935771942,2.1118736267089844,27.730977296829224,0.10326997935771942,26
