Original_X,Original_Y,Original_Z,Adjusted_X,Adjusted_Y,Adjusted_Z,Slice_Index
-15.961227416992188,-1.2565027475357056,0.13812999427318573,-15.961227416992188,9.743497252464294,0.13812999427318573,11
-15.824417114257812,-1.1629668474197388,0.13819997012615204,-15.824417114257812,9.837033152580261,0.13819997012615204,11
-15.871002197265625,-1.2578372955322266,0.13898997008800507,-15.871002197265625,9.742162704467773,0.13898997008800507,11
-15.789070129394531,-1.2716959714889526,0.13868002593517303,-15.789070129394531,9.728304028511047,0.13868002593517303,11
