Original_X,Original_Y,Original_Z,Adjusted_X,Adjusted_Y,Adjusted_Z,Slice_Index
-55.55693435668945,1.4187175035476685,0.0772399753332138,-55.55693435668945,23.41871750354767,0.0772399753332138,24
-55.535682678222656,1.406009316444397,0.07735000550746918,-55.535682678222656,23.406009316444397,0.07735000550746918,24
-55.48502731323242,1.4047001600265503,0.07701002061367035,-55.48502731323242,23.40470016002655,0.07701002061367035,24
-55.46067428588867,1.380690097808838,0.07746998965740204,-55.46067428588867,23.380690097808838,0.07746998965740204,24
-55.43276596069336,1.3705998659133911,0.07754002511501312,-55.43276596069336,23.37059986591339,0.07754002511501312,24
-55.38022994995117,1.3786391019821167,0.07698999345302582,-55.38022994995117,23.378639101982117,0.07698999345302582,24
-55.53253936767578,1.2545708417892456,0.07705996930599213,-55.53253936767578,23.254570841789246,0.07705996930599213,24
