Original_X,Original_Y,Original_Z,Adjusted_X,Adjusted_Y,Adjusted_Z,Slice_Index
9.24728775024414,-1.1780675649642944,0.10345999896526337,9.24728775024414,9.821932435035706,0.10345999896526337,11
9.292999267578125,-1.1653642654418945,0.10386000573635101,9.292999267578125,9.834635734558105,0.10386000573635101,11
9.321983337402344,-1.189045786857605,0.14048002660274506,9.321983337402344,9.810954213142395,0.14048002660274506,11
9.249320983886719,-1.2604691982269287,0.14250998198986053,9.249320983886719,9.739530801773071,0.14250998198986053,11
9.299301147460938,-1.2849284410476685,0.14249996840953827,9.299301147460938,9.715071558952332,0.14249996840953827,11
