Original_X,Original_Y,Original_Z,Adjusted_X,Adjusted_Y,Adjusted_Z,Slice_Index
-59.083404541015625,-1.6399935483932495,0.11764000356197357,-59.083404541015625,7.3600064516067505,0.11764000356197357,9
-58.99409484863281,-1.6051653623580933,0.11788998544216156,-58.99409484863281,7.394834637641907,0.11788998544216156,9
-59.045936584472656,-1.6298352479934692,0.11765997111797333,-59.045936584472656,7.370164752006531,0.11765997111797333,9
-58.9829216003418,-1.605421781539917,0.11771999299526215,-58.9829216003418,7.394578218460083,0.11771999299526215,9
-59.09058380126953,-1.656137466430664,0.1169000118970871,-59.09058380126953,7.343862533569336,0.1169000118970871,9
-59.15167999267578,-1.7666267156600952,0.11806999146938324,-59.15167999267578,7.233373284339905,0.11806999146938324,9
-59.085227966308594,-1.750204086303711,0.11802999675273895,-59.085227966308594,7.249795913696289,0.11802999675273895,9
-59.058197021484375,-1.740073800086975,0.11810998618602753,-59.058197021484375,7.259926199913025,0.11810998618602753,9
-58.98442077636719,-1.7150754928588867,0.11821000277996063,-58.98442077636719,7.284924507141113,0.11821000277996063,9
