Original_X,Original_Y,Original_Z,Adjusted_X,Adjusted_Y,Adjusted_Z,Slice_Index
-16.990234375,0.02033688686788082,0.13401000201702118,-16.990234375,17.02033688686788,0.13401000201702118,17
-16.995967864990234,-0.05121082812547684,0.13685999810695648,-16.995967864990234,16.948789171874523,0.13685999810695648,17
-17.019615173339844,-0.15407148003578186,0.13786999881267548,-17.019615173339844,16.845928519964218,0.13786999881267548,17
-16.983097076416016,-0.15762172639369965,0.13780002295970917,-16.983097076416016,16.8423782736063,0.13780002295970917,17
