Original_X,Original_Y,Original_Z,Adjusted_X,Adjusted_Y,Adjusted_Z,Slice_Index
4.487979888916016,-3.1890275478363037,0.13919000327587128,4.487979888916016,-2.1890275478363037,0.13919000327587128,1
4.603385925292969,-3.1851730346679688,0.14512000977993011,4.603385925292969,-2.1851730346679688,0.14512000977993011,1
4.591152191162109,-3.2311713695526123,0.1394200176000595,4.591152191162109,-2.2311713695526123,0.1394200176000595,1
4.524436950683594,-3.283648729324341,0.13926999270915985,4.524436950683594,-2.283648729324341,0.13926999270915985,1
4.564659118652344,-3.2694928646087646,0.13860999047756195,4.564659118652344,-2.2694928646087646,0.13860999047756195,1
4.471893310546875,-3.3088128566741943,0.15544001758098602,4.471893310546875,-2.3088128566741943,0.15544001758098602,1
4.553455352783203,-3.2794153690338135,0.13840000331401825,4.553455352783203,-2.2794153690338135,0.13840000331401825,1
4.493354797363281,-3.3046247959136963,0.13916002213954926,4.493354797363281,-2.3046247959136963,0.13916002213954926,1
