Original_X,Original_Y,Original_Z,Adjusted_X,Adjusted_Y,Adjusted_Z,Slice_Index
14.10470962524414,-0.9413289427757263,0.10230998694896698,14.10470962524414,12.058671057224274,0.10230998694896698,13
14.106002807617188,-0.9538343548774719,0.1025799959897995,14.106002807617188,12.046165645122528,0.1025799959897995,13
