Original_X,Original_Y,Original_Z,Adjusted_X,Adjusted_Y,Adjusted_Z,Slice_Index
-53.15970993041992,-0.6454586386680603,0.129240021109581,-53.15970993041992,13.35454136133194,0.129240021109581,14
-53.176517486572266,-0.6628324389457703,0.12826000154018402,-53.176517486572266,13.33716756105423,0.12826000154018402,14
-53.1561279296875,-0.670222282409668,0.12873999774456024,-53.1561279296875,13.329777717590332,0.12873999774456024,14
-53.118988037109375,-0.6622704863548279,0.1294100135564804,-53.118988037109375,13.337729513645172,0.1294100135564804,14
-53.00275421142578,-0.6303849816322327,0.08084999024868011,-53.00275421142578,13.369615018367767,0.08084999024868011,14
-52.98910903930664,-0.6373972296714783,0.08096002042293549,-52.98910903930664,13.362602770328522,0.08096002042293549,14
-53.069862365722656,-0.7072680592536926,0.129240021109581,-53.069862365722656,13.292731940746307,0.129240021109581,14
-52.99613571166992,-0.7123160362243652,0.13043998181819916,-52.99613571166992,13.287683963775635,0.13043998181819916,14
