Original_X,Original_Y,Original_Z,Adjusted_X,Adjusted_Y,Adjusted_Z,Slice_Index
-9.935989379882812,0.9426088333129883,0.13912998139858246,-9.935989379882812,22.94260883331299,0.13912998139858246,22
-9.864749908447266,0.9428174495697021,0.1397799700498581,-9.864749908447266,22.942817449569702,0.1397799700498581,22
-9.796516418457031,0.9172928333282471,0.1395299881696701,-9.796516418457031,22.917292833328247,0.1395299881696701,22
-9.809001922607422,0.9113524556159973,0.13908998668193817,-9.809001922607422,22.911352455615997,0.13908998668193817,22
