Original_X,Original_Y,Original_Z,Adjusted_X,Adjusted_Y,Adjusted_Z,Slice_Index
-1.4690895080566406,-0.4148295521736145,0.10167001187801361,-1.4690895080566406,14.585170447826385,0.10167001187801361,15
-1.4087867736816406,-0.4036594331264496,0.10182999074459076,-1.4087867736816406,14.59634056687355,0.10182999074459076,15
-1.4554595947265625,-0.42768147587776184,0.10198001563549042,-1.4554595947265625,14.572318524122238,0.10198001563549042,15
