Original_X,Original_Y,Original_Z,Adjusted_X,Adjusted_Y,Adjusted_Z,Slice_Index
-11.12451171875,0.03439163416624069,0.13597999513149261,-11.12451171875,17.03439163416624,0.13597999513149261,17
-11.028694152832031,0.010175589472055435,0.1359500139951706,-11.028694152832031,17.010175589472055,0.1359500139951706,17
-11.037349700927734,-0.0007579070515930653,0.13537000119686127,-11.037349700927734,16.999242092948407,0.13537000119686127,17
-11.158210754394531,-0.058389488607645035,0.13771997392177582,-11.158210754394531,16.941610511392355,0.13771997392177582,17
-11.073467254638672,-0.07314261794090271,0.13798998296260834,-11.073467254638672,16.926857382059097,0.13798998296260834,17
-11.048995971679688,-0.07841987162828445,0.13801001012325287,-11.048995971679688,16.921580128371716,0.13801001012325287,17
-11.004817962646484,-0.0647163912653923,0.1326100081205368,-11.004817962646484,16.935283608734608,0.1326100081205368,17
-11.015216827392578,-0.09378673136234283,0.1376499980688095,-11.015216827392578,16.906213268637657,0.1376499980688095,17
