Original_X,Original_Y,Original_Z,Adjusted_X,Adjusted_Y,Adjusted_Z,Slice_Index
-36.35568618774414,0.4887702465057373,0.08668999373912811,-36.35568618774414,19.488770246505737,0.08668999373912811,20
-36.32490921020508,0.47705307602882385,0.08667998015880585,-36.32490921020508,19.477053076028824,0.08667998015880585,20
