Original_X,Original_Y,Original_Z,Adjusted_X,Adjusted_Y,Adjusted_Z,Slice_Index
0.8373565673828125,2.156723737716675,0.10172997415065765,0.8373565673828125,29.156723737716675,0.10172997415065765,28
0.9527435302734375,2.0835955142974854,0.10058997571468353,0.9527435302734375,29.083595514297485,0.10058997571468353,28
0.9116172790527344,2.0606446266174316,0.10079000890254974,0.9116172790527344,29.06064462661743,0.10079000890254974,28
1.0122108459472656,2.096205234527588,0.10128001868724823,1.0122108459472656,29.096205234527588,0.10128001868724823,28
0.9116249084472656,2.0508198738098145,0.10102997720241547,0.9116249084472656,29.050819873809814,0.10102997720241547,28
0.9103317260742188,2.041917562484741,0.1013600081205368,0.9103317260742188,29.04191756248474,0.1013600081205368,28
1.005615234375,2.0757014751434326,0.10178999602794647,1.005615234375,29.075701475143433,0.10178999602794647,28
0.8864860534667969,2.0165889263153076,0.10184000432491302,0.8864860534667969,29.016588926315308,0.10184000432491302,28
