Original_X,Original_Y,Original_Z,Adjusted_X,Adjusted_Y,Adjusted_Z,Slice_Index
-36.347843170166016,1.9303722381591797,0.08135996758937836,-36.347843170166016,27.93037223815918,0.08135996758937836,27
-36.35666275024414,1.9261358976364136,0.08150999248027802,-36.35666275024414,27.926135897636414,0.08150999248027802,27
-36.284034729003906,1.9160215854644775,0.08167998492717743,-36.284034729003906,27.916021585464478,0.08167998492717743,27
-36.261253356933594,1.9154773950576782,0.08162997663021088,-36.261253356933594,27.915477395057678,0.08162997663021088,27
