Original_X,Original_Y,Original_Z,Adjusted_X,Adjusted_Y,Adjusted_Z,Slice_Index
-3.8158950805664062,-0.5744070410728455,0.10255996882915497,-3.8158950805664062,11.425592958927155,0.10255996882915497,14
