Original_X,Original_Y,Original_Z,Adjusted_X,Adjusted_Y,Adjusted_Z,Slice_Index
12.858558654785156,2.6134865283966064,0.12532000243663788,12.858558654785156,24.613486528396606,0.12532000243663788,30
12.826225280761719,2.5992205142974854,0.10753999650478363,12.826225280761719,24.599220514297485,0.10753999650478363,30
12.839649200439453,2.5976369380950928,0.1311499923467636,12.839649200439453,24.597636938095093,0.1311499923467636,30
12.860416412353516,2.5942978858947754,0.12137000262737274,12.860416412353516,24.594297885894775,0.12137000262737274,30
12.860107421875,2.5317177772521973,0.12367002665996552,12.860107421875,24.531717777252197,0.12367002665996552,30
12.862716674804688,2.4961938858032227,0.11462996900081635,12.862716674804688,24.496193885803223,0.11462996900081635,30
12.861991882324219,2.4556427001953125,0.12201999127864838,12.861991882324219,24.455642700195312,0.12201999127864838,30
12.864097595214844,2.4390878677368164,0.12248997390270233,12.864097595214844,24.439087867736816,0.12248997390270233,30
