Original_X,Original_Y,Original_Z,Adjusted_X,Adjusted_Y,Adjusted_Z,Slice_Index
9.275138854980469,-0.9904613494873047,0.14183001220226288,9.275138854980469,11.009538650512695,0.14183001220226288,12
9.285465240478516,-0.9982635378837585,0.14170001447200775,9.285465240478516,11.001736462116241,0.14170001447200775,12
9.255435943603516,-1.1192232370376587,0.14232997596263885,9.255435943603516,10.880776762962341,0.14232997596263885,12
9.24554443359375,-1.126273512840271,0.14187000691890717,9.24554443359375,10.873726487159729,0.14187000691890717,12
9.40728759765625,-1.0768986940383911,0.1028899997472763,9.40728759765625,10.923101305961609,0.1028899997472763,12
9.286460876464844,-1.1411309242248535,0.14203999936580658,9.286460876464844,10.858869075775146,0.14203999936580658,12
9.304019927978516,-1.1504740715026855,0.10347001254558563,9.304019927978516,10.849525928497314,0.10347001254558563,12
9.341571807861328,-1.1563435792922974,0.10408000648021698,9.341571807861328,10.843656420707703,0.10408000648021698,12
