Original_X,Original_Y,Original_Z,Adjusted_X,Adjusted_Y,Adjusted_Z,Slice_Index
-13.56930160522461,-2.2772128582000732,0.13903002440929413,-13.56930160522461,3.7227871417999268,0.13903002440929413,6
-13.53439712524414,-2.2907493114471436,0.13873998820781708,-13.53439712524414,3.7092506885528564,0.13873998820781708,6
-13.531871795654297,-2.185106039047241,0.13916002213954926,-13.531871795654297,3.814893960952759,0.13916002213954926,6
-13.505226135253906,-2.1853935718536377,0.13930998742580414,-13.505226135253906,3.8146064281463623,0.13930998742580414,6
-13.413749694824219,-2.2102482318878174,0.13929001986980438,-13.413749694824219,3.7897517681121826,0.13929001986980438,6
-13.404205322265625,-2.215808868408203,0.13903997838497162,-13.404205322265625,3.784191131591797,0.13903997838497162,6
-13.440624237060547,-2.3026702404022217,0.1392500251531601,-13.440624237060547,3.6973297595977783,0.1392500251531601,6
-13.45926284790039,-2.3133325576782227,0.13846002519130707,-13.45926284790039,3.6866674423217773,0.13846002519130707,6
-13.417564392089844,-2.317215919494629,0.13877998292446136,-13.417564392089844,3.682784080505371,0.13877998292446136,6
