Original_X,Original_Y,Original_Z,Adjusted_X,Adjusted_Y,Adjusted_Z,Slice_Index
1.0114593505859375,1.945588231086731,0.10088001191616058,1.0114593505859375,27.94558823108673,0.10088001191616058,27
0.9647064208984375,1.9204277992248535,0.10083000361919403,0.9647064208984375,27.920427799224854,0.10083000361919403,27
0.9627151489257812,1.9150912761688232,0.10093002021312714,0.9627151489257812,27.915091276168823,0.10093002021312714,27
0.8745307922363281,1.8753496408462524,0.10083000361919403,0.8745307922363281,27.875349640846252,0.10083000361919403,27
0.8645439147949219,1.8650223016738892,0.10098998248577118,0.8645439147949219,27.86502230167389,0.10098998248577118,27
0.9915733337402344,1.9138342142105103,0.10150997340679169,0.9915733337402344,27.91383421421051,0.10150997340679169,27
0.9599189758300781,1.899418830871582,0.10129998624324799,0.9599189758300781,27.899418830871582,0.10129998624324799,27
0.9625015258789062,1.802666187286377,0.09408001601696014,0.9625015258789062,27.802666187286377,0.09408001601696014,27
1.0003433227539062,1.8098716735839844,0.12471000850200653,1.0003433227539062,27.809871673583984,0.12471000850200653,27
