Original_X,Original_Y,Original_Z,Adjusted_X,Adjusted_Y,Adjusted_Z,Slice_Index
-65.17404174804688,1.1927279233932495,0.06810002028942108,-65.17404174804688,24.19272792339325,0.06810002028942108,23
-65.17517852783203,1.1841185092926025,0.07090000808238983,-65.17517852783203,24.184118509292603,0.07090000808238983,23
-65.12528991699219,1.1744376420974731,0.06403999030590057,-65.12528991699219,24.174437642097473,0.06403999030590057,23
-65.07411193847656,1.1837005615234375,0.06458000838756561,-65.07411193847656,24.183700561523438,0.06458000838756561,23
-64.98239135742188,1.2212371826171875,0.06502000987529755,-64.98239135742188,24.221237182617188,0.06502000987529755,23
-65.12825775146484,1.1583155393600464,0.06441996991634369,-65.12825775146484,24.158315539360046,0.06441996991634369,23
-65.04178619384766,1.1830705404281616,0.06511001288890839,-65.04178619384766,24.18307054042816,0.06511001288890839,23
-65.17597961425781,1.1119942665100098,0.07368998229503632,-65.17597961425781,24.11199426651001,0.07368998229503632,23
-65.1740493774414,1.0617707967758179,0.07683001458644867,-65.1740493774414,24.061770796775818,0.07683001458644867,23
