Original_X,Original_Y,Original_Z,Adjusted_X,Adjusted_Y,Adjusted_Z,Slice_Index
-44.703739166259766,0.43894627690315247,0.12416999042034149,-44.703739166259766,19.438946276903152,0.12416999042034149,19
-44.696685791015625,0.43419402837753296,0.1239200085401535,-44.696685791015625,19.434194028377533,0.1239200085401535,19
-44.75582504272461,0.38693392276763916,0.08238999545574188,-44.75582504272461,19.38693392276764,0.08238999545574188,19
-44.67585372924805,0.39183148741722107,0.08211998641490936,-44.67585372924805,19.39183148741722,0.08211998641490936,19
-44.618343353271484,0.3697640597820282,0.08240000903606415,-44.618343353271484,19.369764059782028,0.08240000903606415,19
-44.70577621459961,0.3091219365596771,0.124689981341362,-44.70577621459961,19.309121936559677,0.124689981341362,19
-44.64634323120117,0.3213820457458496,0.12471000850200653,-44.64634323120117,19.32138204574585,0.12471000850200653,19
-44.5910758972168,0.3327927589416504,0.12511996924877167,-44.5910758972168,19.33279275894165,0.12511996924877167,19
-44.7212028503418,0.2500036954879761,0.08157996833324432,-44.7212028503418,19.250003695487976,0.08157996833324432,19
