Original_X,Original_Y,Original_Z,Adjusted_X,Adjusted_Y,Adjusted_Z,Slice_Index
10.5570068359375,0.035776566714048386,0.09695999324321747,10.5570068359375,17.03577656671405,0.09695999324321747,17
10.584442138671875,-0.051604412496089935,0.09944997727870941,10.584442138671875,16.94839558750391,0.09944997727870941,17
