Original_X,Original_Y,Original_Z,Adjusted_X,Adjusted_Y,Adjusted_Z,Slice_Index
14.098068237304688,-1.187454104423523,0.10800997912883759,14.098068237304688,9.812545895576477,0.10800997912883759,11
14.03274917602539,-1.2686734199523926,0.1549600213766098,14.03274917602539,9.731326580047607,0.1549600213766098,11
14.035259246826172,-1.315765619277954,0.15417002141475677,14.035259246826172,9.684234380722046,0.15417002141475677,11
14.107643127441406,-1.3345084190368652,0.10463999211788177,14.107643127441406,9.665491580963135,0.10463999211788177,11
14.106369018554688,-1.3451756238937378,0.11160002648830414,14.106369018554688,9.654824376106262,0.11160002648830414,11
14.119544982910156,-1.3493117094039917,0.15594999492168427,14.119544982910156,9.650688290596008,0.15594999492168427,11
