Original_X,Original_Y,Original_Z,Adjusted_X,Adjusted_Y,Adjusted_Z,Slice_Index
-19.427417755126953,-0.47592249512672424,0.09664998948574066,-19.427417755126953,14.524077504873276,0.09664998948574066,15
-19.396377563476562,-0.4839693307876587,0.09689997136592865,-19.396377563476562,14.516030669212341,0.09689997136592865,15
-19.446247100830078,-0.5348923802375793,0.09811000525951385,-19.446247100830078,14.46510761976242,0.09811000525951385,15
