Original_X,Original_Y,Original_Z,Adjusted_X,Adjusted_Y,Adjusted_Z,Slice_Index
-65.064697265625,1.8440054655075073,0.0822099894285202,-65.064697265625,27.844005465507507,0.0822099894285202,26
-65.03060150146484,1.796950101852417,0.0821400135755539,-65.03060150146484,27.796950101852417,0.0821400135755539,26
-65.0295181274414,1.777592420578003,0.0823500007390976,-65.0295181274414,27.777592420578003,0.0823500007390976,26
-65.17267608642578,1.708898663520813,0.07542000710964203,-65.17267608642578,27.708898663520813,0.07542000710964203,26
-64.98770141601562,1.710421085357666,0.08238999545574188,-64.98770141601562,27.710421085357666,0.08238999545574188,26
