Original_X,Original_Y,Original_Z,Adjusted_X,Adjusted_Y,Adjusted_Z,Slice_Index
4.508678436279297,1.819144368171692,0.11528001725673676,4.508678436279297,27.819144368171692,0.11528001725673676,26
4.4670257568359375,1.798399567604065,0.11625002324581146,4.4670257568359375,27.798399567604065,0.11625002324581146,26
4.608470916748047,1.8128427267074585,0.10343997180461884,4.608470916748047,27.81284272670746,0.10343997180461884,26
4.607006072998047,1.7895073890686035,0.10418002307415009,4.607006072998047,27.789507389068604,0.10418002307415009,26
4.447635650634766,1.7223236560821533,0.10369996726512909,4.447635650634766,27.722323656082153,0.10369996726512909,26
4.4598846435546875,1.7200902700424194,0.10374997556209564,4.4598846435546875,27.72009027004242,0.10374997556209564,26
4.509819030761719,1.736588954925537,0.10399000346660614,4.509819030761719,27.736588954925537,0.10399000346660614,26
4.534488677978516,1.7340443134307861,0.10453002154827118,4.534488677978516,27.734044313430786,0.10453002154827118,26
