Original_X,Original_Y,Original_Z,Adjusted_X,Adjusted_Y,Adjusted_Z,Slice_Index
-47.15961456298828,-0.5329035520553589,0.12506000697612762,-47.15961456298828,14.467096447944641,0.12506000697612762,15
-47.157508850097656,-0.3961644470691681,0.12551997601985931,-47.157508850097656,14.603835552930832,0.12551997601985931,15
-47.12739944458008,-0.39800652861595154,0.12539999186992645,-47.12739944458008,14.601993471384048,0.12539999186992645,15
-47.053218841552734,-0.3757101893424988,0.12560997903347015,-47.053218841552734,14.624289810657501,0.12560997903347015,15
-47.13703918457031,-0.5228634476661682,0.12535999715328217,-47.13703918457031,14.477136552333832,0.12535999715328217,15
-47.10197830200195,-0.5179347991943359,0.12532000243663788,-47.10197830200195,14.482065200805664,0.12532000243663788,15
-47.05044174194336,-0.5089983940124512,0.12535999715328217,-47.05044174194336,14.491001605987549,0.12535999715328217,15
-46.999244689941406,-0.49039527773857117,0.12586002051830292,-46.999244689941406,14.509604722261429,0.12586002051830292,15
