Original_X,Original_Y,Original_Z,Adjusted_X,Adjusted_Y,Adjusted_Z,Slice_Index
-0.18340682983398438,2.0284204483032227,0.10022000968456268,-0.18340682983398438,28.028420448303223,0.10022000968456268,27
-0.285491943359375,1.9830188751220703,0.10067997872829437,-0.285491943359375,27.98301887512207,0.10067997872829437,27
-0.22368621826171875,2.001251697540283,0.10072998702526093,-0.22368621826171875,28.001251697540283,0.10072998702526093,27
-0.26580810546875,1.9723819494247437,0.1008400171995163,-0.26580810546875,27.972381949424744,0.1008400171995163,27
-0.23867416381835938,1.9748936891555786,0.10110001266002655,-0.23867416381835938,27.97489368915558,0.10110001266002655,27
-0.2660636901855469,1.9627301692962646,0.1012599915266037,-0.2660636901855469,27.962730169296265,0.1012599915266037,27
-0.17884063720703125,1.9979465007781982,0.10128001868724823,-0.17884063720703125,27.9979465007782,0.10128001868724823,27
