Original_X,Original_Y,Original_Z,Adjusted_X,Adjusted_Y,Adjusted_Z,Slice_Index
0.8363800048828125,2.9654014110565186,0.10564999282360077,0.8363800048828125,33.96540141105652,0.10564999282360077,32
0.9269943237304688,2.946120500564575,0.11143998801708221,0.9269943237304688,33.946120500564575,0.11143998801708221,32
0.8557815551757812,2.8535759449005127,0.11098997294902802,0.8557815551757812,33.85357594490051,0.11098997294902802,32
1.0201988220214844,2.9205098152160645,0.10566000640392303,1.0201988220214844,33.920509815216064,0.10566000640392303,32
0.9452362060546875,2.87064790725708,0.09561000764369965,0.9452362060546875,33.87064790725708,0.09561000764369965,32
0.9046592712402344,2.8372862339019775,0.10627000033855438,0.9046592712402344,33.83728623390198,0.10627000033855438,32
0.9157676696777344,2.837773323059082,0.10624001920223236,0.9157676696777344,33.83777332305908,0.10624001920223236,32
0.8514213562011719,2.807720184326172,0.10634998977184296,0.8514213562011719,33.80772018432617,0.10634998977184296,32
0.9739456176757812,2.7842915058135986,0.10441999137401581,0.9739456176757812,33.7842915058136,0.10441999137401581,32
