Original_X,Original_Y,Original_Z,Adjusted_X,Adjusted_Y,Adjusted_Z,Slice_Index
-7.4644622802734375,0.2364623099565506,0.1394600123167038,-7.4644622802734375,18.23646230995655,0.1394600123167038,18
-7.432872772216797,0.23695684969425201,0.13982997834682465,-7.432872772216797,18.236956849694252,0.13982997834682465,18
-7.464118957519531,0.16720497608184814,0.09783999621868134,-7.464118957519531,18.167204976081848,0.09783999621868134,18
-7.415248870849609,0.17339280247688293,0.09790997207164764,-7.415248870849609,18.173392802476883,0.09790997207164764,18
-7.442638397216797,0.06633983552455902,0.09540997445583344,-7.442638397216797,18.06633983552456,0.09540997445583344,18
