Original_X,Original_Y,Original_Z,Adjusted_X,Adjusted_Y,Adjusted_Z,Slice_Index
-0.34300994873046875,2.637894630432129,0.10375998914241791,-0.34300994873046875,31.63789463043213,0.10375998914241791,30
-0.33631134033203125,2.5272061824798584,0.1024700254201889,-0.33631134033203125,31.52720618247986,0.1024700254201889,30
-0.3316497802734375,2.5267460346221924,0.10255996882915497,-0.3316497802734375,31.526746034622192,0.10255996882915497,30
-0.212310791015625,2.566387414932251,0.10321001708507538,-0.212310791015625,31.56638741493225,0.10321001708507538,30
-0.35990142822265625,2.501021146774292,0.1029299944639206,-0.35990142822265625,31.501021146774292,0.1029299944639206,30
-0.22233200073242188,2.438776731491089,0.10208998620510101,-0.22233200073242188,31.43877673149109,0.10208998620510101,30
-0.1945037841796875,2.450255870819092,0.10219000279903412,-0.1945037841796875,31.450255870819092,0.10219000279903412,30
