Original_X,Original_Y,Original_Z,Adjusted_X,Adjusted_Y,Adjusted_Z,Slice_Index
-13.50936508178711,-1.766976237297058,0.13920997083187103,-13.50936508178711,6.233023762702942,0.13920997083187103,8
-13.484661102294922,-1.782258152961731,0.13863001763820648,-13.484661102294922,6.217741847038269,0.13863001763820648,8
-13.440448760986328,-1.786279320716858,0.13902001082897186,-13.440448760986328,6.213720679283142,0.13902001082897186,8
-13.55520248413086,-1.8744057416915894,0.13867001235485077,-13.55520248413086,6.125594258308411,0.13867001235485077,8
-13.51776123046875,-1.8800179958343506,0.1388000100851059,-13.51776123046875,6.119982004165649,0.1388000100851059,8
-13.480297088623047,-1.8763138055801392,0.13938002288341522,-13.480297088623047,6.123686194419861,0.13938002288341522,8
-13.379451751708984,-1.905827283859253,0.1391100138425827,-13.379451751708984,6.094172716140747,0.1391100138425827,8
