Original_X,Original_Y,Original_Z,Adjusted_X,Adjusted_Y,Adjusted_Z,Slice_Index
-57.97511291503906,0.7659298777580261,0.0747700184583664,-57.97511291503906,21.765929877758026,0.0747700184583664,21
-57.91017150878906,0.7484659552574158,0.07486002147197723,-57.91017150878906,21.748465955257416,0.07486002147197723,21
-57.853248596191406,0.7372511625289917,0.07482002675533295,-57.853248596191406,21.73725116252899,0.07482002675533295,21
-57.852386474609375,0.7223120927810669,0.07526998221874237,-57.852386474609375,21.722312092781067,0.07526998221874237,21
-57.8521728515625,0.7056794762611389,0.07557998597621918,-57.8521728515625,21.70567947626114,0.07557998597621918,21
-57.815216064453125,0.7070850133895874,0.07527999579906464,-57.815216064453125,21.707085013389587,0.07527999579906464,21
-57.7815055847168,0.6898637413978577,0.07551001012325287,-57.7815055847168,21.689863741397858,0.07551001012325287,21
