Original_X,Original_Y,Original_Z,Adjusted_X,Adjusted_Y,Adjusted_Z,Slice_Index
-3.9740028381347656,-1.5778653621673584,0.1034800261259079,-3.9740028381347656,7.422134637832642,0.1034800261259079,9
-3.8885879516601562,-1.5742207765579224,0.10446999967098236,-3.8885879516601562,7.425779223442078,0.10446999967098236,9
