Original_X,Original_Y,Original_Z,Adjusted_X,Adjusted_Y,Adjusted_Z,Slice_Index
3.28076171875,2.4291884899139404,0.09960000216960907,3.28076171875,31.42918848991394,0.09960000216960907,29
3.274494171142578,2.4041988849639893,0.09976999461650848,3.274494171142578,31.40419888496399,0.09976999461650848,29
3.3706893920898438,2.426551342010498,0.10209999978542328,3.3706893920898438,31.426551342010498,0.10209999978542328,29
3.3946495056152344,2.4345037937164307,0.10250000655651093,3.3946495056152344,31.43450379371643,0.10250000655651093,29
3.385913848876953,2.4193482398986816,0.10266999900341034,3.385913848876953,31.41934823989868,0.10266999900341034,29
3.41326904296875,2.2826104164123535,0.10255996882915497,3.41326904296875,31.282610416412354,0.10255996882915497,29
3.371082305908203,2.246558666229248,0.102339968085289,3.371082305908203,31.246558666229248,0.102339968085289,29
