Original_X,Original_Y,Original_Z,Adjusted_X,Adjusted_Y,Adjusted_Z,Slice_Index
-7.494773864746094,-0.5674741864204407,0.14017997682094574,-7.494773864746094,13.43252581357956,0.14017997682094574,14
-7.482097625732422,-0.5640988349914551,0.14039002358913422,-7.482097625732422,13.435901165008545,0.14039002358913422,14
-7.430549621582031,-0.5819228887557983,0.14031998813152313,-7.430549621582031,13.418077111244202,0.14031998813152313,14
-7.406131744384766,-0.5816616415977478,0.1406400054693222,-7.406131744384766,13.418338358402252,0.1406400054693222,14
-7.564891815185547,-0.6679639220237732,0.1407400220632553,-7.564891815185547,13.332036077976227,0.1407400220632553,14
-7.520149230957031,-0.6830131411552429,0.14061002433300018,-7.520149230957031,13.316986858844757,0.14061002433300018,14
-7.489765167236328,-0.6843056082725525,0.14093999564647675,-7.489765167236328,13.315694391727448,0.14093999564647675,14
-7.440391540527344,-0.7026416063308716,0.1407099813222885,-7.440391540527344,13.297358393669128,0.1407099813222885,14
-7.395599365234375,-0.7217479944229126,0.140439972281456,-7.395599365234375,13.278252005577087,0.140439972281456,14
