Original_X,Original_Y,Original_Z,Adjusted_X,Adjusted_Y,Adjusted_Z,Slice_Index
6.845817565917969,2.2072508335113525,0.10492001473903656,6.845817565917969,30.207250833511353,0.10492001473903656,28
6.922935485839844,2.2027411460876465,0.1027899831533432,6.922935485839844,30.202741146087646,0.1027899831533432,28
6.891841888427734,2.185103178024292,0.10260997712612152,6.891841888427734,30.185103178024292,0.10260997712612152,28
6.8446197509765625,2.1540005207061768,0.10269002616405487,6.8446197509765625,30.154000520706177,0.10269002616405487,28
6.853885650634766,2.1479551792144775,0.10322998464107513,6.853885650634766,30.147955179214478,0.10322998464107513,28
6.9811248779296875,2.1029505729675293,0.10672001540660858,6.9811248779296875,30.10295057296753,0.10672001540660858,28
6.980522155761719,2.093860387802124,0.10704998672008514,6.980522155761719,30.093860387802124,0.10704998672008514,28
7.0184783935546875,2.0774521827697754,0.10260002315044403,7.0184783935546875,30.077452182769775,0.10260002315044403,28
