Original_X,Original_Y,Original_Z,Adjusted_X,Adjusted_Y,Adjusted_Z,Slice_Index
-31.51628875732422,-2.4077746868133545,0.09198002517223358,-31.51628875732422,2.5922253131866455,0.09198002517223358,5
-31.471595764160156,-2.402818441390991,0.09205000102519989,-31.471595764160156,2.597181558609009,0.09205000102519989,5
-31.467029571533203,-2.407172918319702,0.09199999272823334,-31.467029571533203,2.592827081680298,0.09199999272823334,5
-31.48577880859375,-2.4203691482543945,0.09233997762203217,-31.48577880859375,2.5796308517456055,0.09233997762203217,5
-31.52783203125,-2.4504990577697754,0.13121996819972992,-31.52783203125,2.5495009422302246,0.13121996819972992,5
-31.395519256591797,-2.46285080909729,0.1307399719953537,-31.395519256591797,2.53714919090271,0.1307399719953537,5
-31.557331085205078,-2.552084445953369,0.13079999387264252,-31.557331085205078,2.447915554046631,0.13079999387264252,5
-31.48700714111328,-2.5530097484588623,0.13078998029232025,-31.48700714111328,2.4469902515411377,0.13078998029232025,5
-31.457046508789062,-2.554532051086426,0.1307300180196762,-31.457046508789062,2.445467948913574,0.1307300180196762,5
