Original_X,Original_Y,Original_Z,Adjusted_X,Adjusted_Y,Adjusted_Z,Slice_Index
-15.973461151123047,2.6380929946899414,0.10051999986171722,-15.973461151123047,32.63809299468994,0.10051999986171722,30
-15.952762603759766,2.6025898456573486,0.1009099930524826,-15.952762603759766,32.60258984565735,0.1009099930524826,30
-15.901851654052734,2.4761695861816406,0.09435002505779266,-15.901851654052734,32.47616958618164,0.09435002505779266,30
-15.87405014038086,2.578404188156128,0.09553997218608856,-15.87405014038086,32.57840418815613,0.09553997218608856,30
-15.866119384765625,2.56658935546875,0.09594999253749847,-15.866119384765625,32.56658935546875,0.09594999253749847,30
