Original_X,Original_Y,Original_Z,Adjusted_X,Adjusted_Y,Adjusted_Z,Slice_Index
9.232120513916016,-2.018249034881592,0.14557002484798431,9.232120513916016,4.981750965118408,0.14557002484798431,7
9.365673065185547,-1.9787814617156982,0.13887999951839447,9.365673065185547,5.021218538284302,0.13887999951839447,7
9.247272491455078,-2.0279390811920166,0.14529000222682953,9.247272491455078,4.972060918807983,0.14529000222682953,7
9.299507141113281,-2.0513994693756104,0.14548002183437347,9.299507141113281,4.94860053062439,0.14548002183437347,7
9.400928497314453,-2.061215400695801,0.14000998437404633,9.400928497314453,4.938784599304199,0.14000998437404633,7
9.256824493408203,-2.142413854598999,0.14016000926494598,9.256824493408203,4.857586145401001,0.14016000926494598,7
