Original_X,Original_Y,Original_Z,Adjusted_X,Adjusted_Y,Adjusted_Z,Slice_Index
-36.33989715576172,1.2028566598892212,0.08272998034954071,-36.33989715576172,23.20285665988922,0.08272998034954071,23
-36.3502197265625,1.1885493993759155,0.0832199901342392,-36.3502197265625,23.188549399375916,0.0832199901342392,23
-36.29362106323242,1.207265853881836,0.08267001807689667,-36.29362106323242,23.207265853881836,0.08267001807689667,23
-36.35997009277344,1.0539056062698364,0.08320997655391693,-36.35997009277344,23.053905606269836,0.08320997655391693,23
-36.3155517578125,1.0549801588058472,0.08285002410411835,-36.3155517578125,23.054980158805847,0.08285002410411835,23
-36.29058074951172,1.0396808385849,0.08361999690532684,-36.29058074951172,23.0396808385849,0.08361999690532684,23
-36.27802276611328,1.0371946096420288,0.08368997275829315,-36.27802276611328,23.03719460964203,0.08368997275829315,23
