Original_X,Original_Y,Original_Z,Adjusted_X,Adjusted_Y,Adjusted_Z,Slice_Index
-55.5345344543457,0.9583638310432434,0.07588998973369598,-55.5345344543457,20.958363831043243,0.07588998973369598,22
-55.523719787597656,0.944311797618866,0.07618997991085052,-55.523719787597656,20.944311797618866,0.07618997991085052,22
-55.44910430908203,0.9475567936897278,0.07552997767925262,-55.44910430908203,20.947556793689728,0.07552997767925262,22
-55.46807861328125,0.9377409219741821,0.07597999274730682,-55.46807861328125,20.937740921974182,0.07597999274730682,22
-55.42697525024414,0.9149826169013977,0.07628999650478363,-55.42697525024414,20.914982616901398,0.07628999650478363,22
