Original_X,Original_Y,Original_Z,Adjusted_X,Adjusted_Y,Adjusted_Z,Slice_Index
3.2739830017089844,2.214263677597046,0.10233001410961151,3.2739830017089844,30.214263677597046,0.10233001410961151,28
3.278156280517578,2.1904056072235107,0.10272000730037689,3.278156280517578,30.19040560722351,0.10272000730037689,28
3.2603607177734375,2.1759049892425537,0.10279999673366547,3.2603607177734375,30.175904989242554,0.10279999673366547,28
3.3672752380371094,2.2164852619171143,0.10338000953197479,3.3672752380371094,30.216485261917114,0.10338000953197479,28
3.274463653564453,2.1768627166748047,0.10298000276088715,3.274463653564453,30.176862716674805,0.10298000276088715,28
3.341014862060547,2.075014591217041,0.10203002393245697,3.341014862060547,30.07501459121704,0.10203002393245697,28
3.309417724609375,2.0462608337402344,0.10229997336864471,3.309417724609375,30.046260833740234,0.10229997336864471,28
3.3308486938476562,2.04114031791687,0.10277996957302094,3.3308486938476562,30.04114031791687,0.10277996957302094,28
3.3371658325195312,2.0386128425598145,0.1030300110578537,3.3371658325195312,30.038612842559814,0.1030300110578537,28
3.370288848876953,2.0401201248168945,0.1033400148153305,3.370288848876953,30.040120124816895,0.1033400148153305,28
