Original_X,Original_Y,Original_Z,Adjusted_X,Adjusted_Y,Adjusted_Z,Slice_Index
-19.414871215820312,2.4117822647094727,0.08960001170635223,-19.414871215820312,26.411782264709473,0.08960001170635223,29
-19.551876068115234,2.354660749435425,0.08689998090267181,-19.551876068115234,26.354660749435425,0.08689998090267181,29
-19.423969268798828,2.4057412147521973,0.09859000146389008,-19.423969268798828,26.405741214752197,0.09859000146389008,29
-19.411029815673828,2.409022331237793,0.09799997508525848,-19.411029815673828,26.409022331237793,0.09799997508525848,29
-19.38104248046875,2.374951124191284,0.098269984126091,-19.38104248046875,26.374951124191284,0.098269984126091,29
-19.506919860839844,2.2845585346221924,0.0892600268125534,-19.506919860839844,26.284558534622192,0.0892600268125534,29
-19.5601806640625,2.257817506790161,0.09865997731685638,-19.5601806640625,26.25781750679016,0.09865997731685638,29
