Original_X,Original_Y,Original_Z,Adjusted_X,Adjusted_Y,Adjusted_Z,Slice_Index
-53.14930725097656,2.230546474456787,0.07600001990795135,-53.14930725097656,27.230546474456787,0.07600001990795135,28
-53.09983444213867,2.1921210289001465,0.07684998214244843,-53.09983444213867,27.192121028900146,0.07684998214244843,28
