Original_X,Original_Y,Original_Z,Adjusted_X,Adjusted_Y,Adjusted_Z,Slice_Index
-19.514846801757812,-1.9854825735092163,0.14737002551555634,-19.514846801757812,5.014517426490784,0.14737002551555634,7
-19.489971160888672,-1.975972056388855,0.14802001416683197,-19.489971160888672,5.024027943611145,0.14802001416683197,7
-19.535518646240234,-2.013915538787842,0.0987199991941452,-19.535518646240234,4.986084461212158,0.0987199991941452,7
-19.468013763427734,-2.009967565536499,0.14777998626232147,-19.468013763427734,4.990032434463501,0.14777998626232147,7
-19.462188720703125,-2.0622575283050537,0.14680998027324677,-19.462188720703125,4.937742471694946,0.14680998027324677,7
-19.406883239746094,-2.0869691371917725,0.14731000363826752,-19.406883239746094,4.9130308628082275,0.14731000363826752,7
