Original_X,Original_Y,Original_Z,Adjusted_X,Adjusted_Y,Adjusted_Z,Slice_Index
4.441566467285156,1.0183473825454712,0.10198001563549042,4.441566467285156,23.01834738254547,0.10198001563549042,22
4.5749053955078125,1.0067572593688965,0.10742001235485077,4.5749053955078125,23.006757259368896,0.10742001235485077,22
4.595188140869141,0.9890398383140564,0.107650026679039,4.595188140869141,22.989039838314056,0.107650026679039,22
4.616779327392578,0.9871883988380432,0.1073099821805954,4.616779327392578,22.987188398838043,0.1073099821805954,22
4.449119567871094,0.8708881735801697,0.10830001533031464,4.449119567871094,22.87088817358017,0.10830001533031464,22
4.524616241455078,0.8428488969802856,0.10788999497890472,4.524616241455078,22.842848896980286,0.10788999497890472,22
4.5372161865234375,0.8433254957199097,0.1075500100851059,4.5372161865234375,22.84332549571991,0.1075500100851059,22
4.586189270019531,0.8484728336334229,0.10252998769283295,4.586189270019531,22.848472833633423,0.10252998769283295,22
