Original_X,Original_Y,Original_Z,Adjusted_X,Adjusted_Y,Adjusted_Z,Slice_Index
-36.348270416259766,1.7561466693878174,0.08281998336315155,-36.348270416259766,26.756146669387817,0.08281998336315155,26
-36.29777526855469,1.752063274383545,0.08291999995708466,-36.29777526855469,26.752063274383545,0.08291999995708466,26
-36.28513717651367,1.7454546689987183,0.08339999616146088,-36.28513717651367,26.74545466899872,0.08339999616146088,26
-36.27372360229492,1.7266737222671509,0.08370999991893768,-36.27372360229492,26.72667372226715,0.08370999991893768,26
-36.223262786865234,1.663048267364502,0.08389000594615936,-36.223262786865234,26.663048267364502,0.08389000594615936,26
