Original_X,Original_Y,Original_Z,Adjusted_X,Adjusted_Y,Adjusted_Z,Slice_Index
-51.97505187988281,0.7803244590759277,0.07705996930599213,-51.97505187988281,21.780324459075928,0.07705996930599213,21
-51.90342712402344,0.7657593488693237,0.07711999118328094,-51.90342712402344,21.765759348869324,0.07711999118328094,21
-51.944923400878906,0.7339532375335693,0.07828997075557709,-51.944923400878906,21.73395323753357,0.07828997075557709,21
-51.918704986572266,0.7346453666687012,0.07806001603603363,-51.918704986572266,21.7346453666687,0.07806001603603363,21
-51.904052734375,0.7328224778175354,0.07798002660274506,-51.904052734375,21.732822477817535,0.07798002660274506,21
-51.89423370361328,0.7297343611717224,0.0780399888753891,-51.89423370361328,21.729734361171722,0.0780399888753891,21
