Original_X,Original_Y,Original_Z,Adjusted_X,Adjusted_Y,Adjusted_Z,Slice_Index
2.1261940002441406,1.2308286428451538,0.10217998921871185,2.1261940002441406,24.230828642845154,0.10217998921871185,23
2.1072463989257812,1.208715558052063,0.10255001485347748,2.1072463989257812,24.208715558052063,0.10255001485347748,23
2.1200332641601562,1.1119565963745117,0.1371999830007553,2.1200332641601562,24.11195659637451,0.1371999830007553,23
2.207244873046875,1.0977511405944824,0.10160999000072479,2.207244873046875,24.097751140594482,0.10160999000072479,23
2.17498779296875,1.0813965797424316,0.10160999000072479,2.17498779296875,24.08139657974243,0.10160999000072479,23
2.1812400817871094,1.0788664817810059,0.10173998773097992,2.1812400817871094,24.078866481781006,0.10173998773097992,23
2.205890655517578,1.0870932340621948,0.10184000432491302,2.205890655517578,24.087093234062195,0.10184000432491302,23
