Original_X,Original_Y,Original_Z,Adjusted_X,Adjusted_Y,Adjusted_Z,Slice_Index
-36.348304748535156,-0.8381829261779785,0.08965997397899628,-36.348304748535156,12.161817073822021,0.08965997397899628,13
-36.3583984375,-0.8575381636619568,0.09006999433040619,-36.3583984375,12.142461836338043,0.09006999433040619,13
-36.32466506958008,-0.8497082591056824,0.13995997607707977,-36.32466506958008,12.150291740894318,0.13995997607707977,13
-36.329444885253906,-0.8568370938301086,0.09001998603343964,-36.329444885253906,12.143162906169891,0.09001998603343964,13
-36.34607696533203,-0.8681623339653015,0.13819997012615204,-36.34607696533203,12.131837666034698,0.13819997012615204,13
-36.326908111572266,-0.8783227205276489,0.13908998668193817,-36.326908111572266,12.121677279472351,0.13908998668193817,13
-36.29357147216797,-0.8733160495758057,0.09065000712871552,-36.29357147216797,12.126683950424194,0.09065000712871552,13
-36.28394317626953,-0.9248965978622437,0.13863997161388397,-36.28394317626953,12.075103402137756,0.13863997161388397,13
