Original_X,Original_Y,Original_Z,Adjusted_X,Adjusted_Y,Adjusted_Z,Slice_Index
-57.966243743896484,-0.2158467173576355,0.07587997615337372,-57.966243743896484,15.784153282642365,0.07587997615337372,16
-57.95620346069336,-0.2288447618484497,0.07627998292446136,-57.95620346069336,15.77115523815155,0.07627998292446136,16
-57.922218322753906,-0.27865299582481384,0.11814998090267181,-57.922218322753906,15.721347004175186,0.11814998090267181,16
-57.94904327392578,-0.29483503103256226,0.11779998242855072,-57.94904327392578,15.705164968967438,0.11779998242855072,16
-57.95988464355469,-0.30042752623558044,0.11775998771190643,-57.95988464355469,15.69957247376442,0.11775998771190643,16
-57.8194694519043,-0.16478024423122406,0.07873998582363129,-57.8194694519043,15.835219755768776,0.07873998582363129,16
-57.78999710083008,-0.206648051738739,0.07231996953487396,-57.78999710083008,15.793351948261261,0.07231996953487396,16
-57.8703727722168,-0.2600959539413452,0.11844001710414886,-57.8703727722168,15.739904046058655,0.11844001710414886,16
-57.892826080322266,-0.27052801847457886,0.11814998090267181,-57.892826080322266,15.729471981525421,0.11814998090267181,16
