Original_X,Original_Y,Original_Z,Adjusted_X,Adjusted_Y,Adjusted_Z,Slice_Index
-39.855594635009766,1.2306469678878784,0.12302999198436737,-39.855594635009766,24.23064696788788,0.12302999198436737,23
-39.92158508300781,1.1301560401916504,0.08132998645305634,-39.92158508300781,24.13015604019165,0.08132998645305634,23
-39.91064453125,1.119835376739502,0.08165000379085541,-39.91064453125,24.119835376739502,0.08165000379085541,23
-39.916473388671875,1.0995643138885498,0.12416999042034149,-39.916473388671875,24.09956431388855,0.12416999042034149,23
-39.901832580566406,1.1048704385757446,0.08211998641490936,-39.901832580566406,24.104870438575745,0.08211998641490936,23
-39.859867095947266,1.107775330543518,0.12434999644756317,-39.859867095947266,24.107775330543518,0.12434999644756317,23
-39.82545471191406,1.1202822923660278,0.0814499706029892,-39.82545471191406,24.120282292366028,0.0814499706029892,23
-39.834068298339844,1.1147878170013428,0.12456999719142914,-39.834068298339844,24.114787817001343,0.12456999719142914,23
-39.77733612060547,1.096998691558838,0.08202998340129852,-39.77733612060547,24.096998691558838,0.08202998340129852,23
