Original_X,Original_Y,Original_Z,Adjusted_X,Adjusted_Y,Adjusted_Z,Slice_Index
2.0380325317382812,-3.001251459121704,0.14631997048854828,2.0380325317382812,-1.001251459121704,0.14631997048854828,2
2.0636634826660156,-3.009925603866577,0.1464499682188034,2.0636634826660156,-1.0099256038665771,0.1464499682188034,2
2.0725860595703125,-3.01631760597229,0.1463399976491928,2.0725860595703125,-1.01631760597229,0.1463399976491928,2
2.0490341186523438,-3.0371434688568115,0.17900000512599945,2.0490341186523438,-1.0371434688568115,0.17900000512599945,2
2.0795135498046875,-3.026198625564575,0.14600001275539398,2.0795135498046875,-1.0261986255645752,0.14600001275539398,2
2.096302032470703,-3.026726722717285,0.14635001122951508,2.096302032470703,-1.0267267227172852,0.14635001122951508,2
2.06500244140625,-3.108339548110962,0.14702998101711273,2.06500244140625,-1.108339548110962,0.14702998101711273,2
2.1939125061035156,-3.0910351276397705,0.1453699916601181,2.1939125061035156,-1.0910351276397705,0.1453699916601181,2
2.156391143798828,-3.1617071628570557,0.14645998179912567,2.156391143798828,-1.1617071628570557,0.14645998179912567,2
