Original_X,Original_Y,Original_Z,Adjusted_X,Adjusted_Y,Adjusted_Z,Slice_Index
-35.00849914550781,2.0205821990966797,0.08219997584819794,-35.00849914550781,29.02058219909668,0.08219997584819794,27
-34.99007797241211,2.0157716274261475,0.08254997432231903,-34.99007797241211,29.015771627426147,0.08254997432231903,27
-34.97673797607422,2.0070865154266357,0.0828699916601181,-34.97673797607422,29.007086515426636,0.0828699916601181,27
-35.02559280395508,1.9515057802200317,0.1252800077199936,-35.02559280395508,28.95150578022003,0.1252800077199936,27
-35.01074981689453,1.9460073709487915,0.12511001527309418,-35.01074981689453,28.94600737094879,0.12511001527309418,27
-35.06193923950195,1.9026113748550415,0.08201996982097626,-35.06193923950195,28.90261137485504,0.08201996982097626,27
-35.07851791381836,1.8881473541259766,0.08293001353740692,-35.07851791381836,28.888147354125977,0.08293001353740692,27
-35.01042175292969,1.9103174209594727,0.0821400135755539,-35.01042175292969,28.910317420959473,0.0821400135755539,27
