Original_X,Original_Y,Original_Z,Adjusted_X,Adjusted_Y,Adjusted_Z,Slice_Index
-1.5227470397949219,-1.786704659461975,0.15295998752117157,-1.5227470397949219,6.213295340538025,0.15295998752117157,8
-1.4379768371582031,-1.8615905046463013,0.152879998087883,-1.4379768371582031,6.138409495353699,0.152879998087883,8
-1.4038276672363281,-1.8616491556167603,0.14337997138500214,-1.4038276672363281,6.13835084438324,0.14337997138500214,8
-1.3863067626953125,-1.907774806022644,0.15338002145290375,-1.3863067626953125,6.092225193977356,0.15338002145290375,8
-1.4458694458007812,-1.960730791091919,0.14341001212596893,-1.4458694458007812,6.039269208908081,0.14341001212596893,8
