Original_X,Original_Y,Original_Z,Adjusted_X,Adjusted_Y,Adjusted_Z,Slice_Index
-19.51980972290039,2.2261319160461426,0.08940999209880829,-19.51980972290039,25.226131916046143,0.08940999209880829,28
-19.494609832763672,2.2317728996276855,0.09031002223491669,-19.494609832763672,25.231772899627686,0.09031002223491669,28
-19.520442962646484,2.217317819595337,0.08952997624874115,-19.520442962646484,25.217317819595337,0.08952997624874115,28
-19.5196533203125,2.207569122314453,0.08969996869564056,-19.5196533203125,25.207569122314453,0.08969996869564056,28
-19.476974487304688,2.211073160171509,0.09048996865749359,-19.476974487304688,25.21107316017151,0.09048996865749359,28
-19.491104125976562,2.1491482257843018,0.09988997876644135,-19.491104125976562,25.1491482257843,0.09988997876644135,28
-19.436298370361328,2.163463592529297,0.09817998111248016,-19.436298370361328,25.163463592529297,0.09817998111248016,28
-19.558902740478516,2.0546488761901855,0.1237100213766098,-19.558902740478516,25.054648876190186,0.1237100213766098,28
