Original_X,Original_Y,Original_Z,Adjusted_X,Adjusted_Y,Adjusted_Z,Slice_Index
-21.94853973388672,-0.17721739411354065,0.09620998799800873,-21.94853973388672,15.82278260588646,0.09620998799800873,16
-21.910663604736328,-0.19435010850429535,0.13597999513149261,-21.910663604736328,15.805649891495705,0.13597999513149261,16
-21.938697814941406,-0.22194454073905945,0.09747998416423798,-21.938697814941406,15.77805545926094,0.09747998416423798,16
-21.857852935791016,-0.20266923308372498,0.1359500139951706,-21.857852935791016,15.797330766916275,0.1359500139951706,16
-21.828170776367188,-0.21054229140281677,0.13582997024059296,-21.828170776367188,15.789457708597183,0.13582997024059296,16
-21.92467498779297,-0.3228345811367035,0.13592998683452606,-21.92467498779297,15.677165418863297,0.13592998683452606,16
-21.857147216796875,-0.3190642297267914,0.1362600177526474,-21.857147216796875,15.680935770273209,0.1362600177526474,16
-21.783767700195312,-0.33552268147468567,0.13610999286174774,-21.783767700195312,15.664477318525314,0.13610999286174774,16
-21.778228759765625,-0.33458298444747925,0.13618998229503632,-21.778228759765625,15.66541701555252,0.13618998229503632,16
