Original_X,Original_Y,Original_Z,Adjusted_X,Adjusted_Y,Adjusted_Z,Slice_Index
0.8297882080078125,0.9331313371658325,0.10119996964931488,0.8297882080078125,22.933131337165833,0.10119996964931488,22
