Original_X,Original_Y,Original_Z,Adjusted_X,Adjusted_Y,Adjusted_Z,Slice_Index
10.56851577758789,-2.813469409942627,0.1402600258588791,10.56851577758789,0.18653059005737305,0.1402600258588791,3
10.546592712402344,-2.827990770339966,0.14021001756191254,10.546592712402344,0.17200922966003418,0.14021001756191254,3
10.46883773803711,-2.8616061210632324,0.14083997905254364,10.46883773803711,0.13839387893676758,0.14083997905254364,3
10.524215698242188,-2.8416829109191895,0.14021001756191254,10.524215698242188,0.15831708908081055,0.14021001756191254,3
10.437248229980469,-2.8890912532806396,0.14048998057842255,10.437248229980469,0.11090874671936035,0.14048998057842255,3
10.621505737304688,-2.900669813156128,0.14021001756191254,10.621505737304688,0.09933018684387207,0.14021001756191254,3
10.599231719970703,-2.9142324924468994,0.14021001756191254,10.599231719970703,0.08576750755310059,0.14021001756191254,3
10.596153259277344,-2.9197394847869873,0.1400499790906906,10.596153259277344,0.0802605152130127,0.1400499790906906,3
10.535640716552734,-2.948834180831909,0.14042000472545624,10.535640716552734,0.05116581916809082,0.14042000472545624,3
