Original_X,Original_Y,Original_Z,Adjusted_X,Adjusted_Y,Adjusted_Z,Slice_Index
-14.662761688232422,-2.1624159812927246,0.13875000178813934,-14.662761688232422,3.8375840187072754,0.13875000178813934,6
-14.76846694946289,-2.2496848106384277,0.13816998898983002,-14.76846694946289,3.7503151893615723,0.13816998898983002,6
-14.682964324951172,-2.254565477371216,0.13887999951839447,-14.682964324951172,3.745434522628784,0.13887999951839447,6
-14.665042877197266,-2.271291971206665,0.1382099837064743,-14.665042877197266,3.728708028793335,0.1382099837064743,6
-14.615760803222656,-2.2647693157196045,0.13920997083187103,-14.615760803222656,3.7352306842803955,0.13920997083187103,6
-14.591022491455078,-2.2771921157836914,0.1387699693441391,-14.591022491455078,3.7228078842163086,0.1387699693441391,6
-14.763912200927734,-2.357450008392334,0.13784997165203094,-14.763912200927734,3.642549991607666,0.13784997165203094,6
-14.737480163574219,-2.359179735183716,0.13806001842021942,-14.737480163574219,3.640820264816284,0.13806001842021942,6
