Original_X,Original_Y,Original_Z,Adjusted_X,Adjusted_Y,Adjusted_Z,Slice_Index
-6.202548980712891,-2.0639631748199463,0.14222000539302826,-6.202548980712891,4.936036825180054,0.14222000539302826,7
-6.180999755859375,-2.068331241607666,0.14226000010967255,-6.180999755859375,4.931668758392334,0.14226000010967255,7
-6.349506378173828,-2.155747413635254,0.15220998227596283,-6.349506378173828,4.844252586364746,0.15220998227596283,7
-6.2372283935546875,-2.1527562141418457,0.14271996915340424,-6.2372283935546875,4.847243785858154,0.14271996915340424,7
