Original_X,Original_Y,Original_Z,Adjusted_X,Adjusted_Y,Adjusted_Z,Slice_Index
-62.767555236816406,0.42037227749824524,0.0709799975156784,-62.767555236816406,19.420372277498245,0.0709799975156784,19
-62.70673370361328,0.4241565763950348,0.11296997964382172,-62.70673370361328,19.424156576395035,0.11296997964382172,19
-62.70164489746094,0.3823537528514862,0.07144002616405487,-62.70164489746094,19.382353752851486,0.07144002616405487,19
-62.697776794433594,0.3741183578968048,0.07147000730037689,-62.697776794433594,19.374118357896805,0.07147000730037689,19
-62.666526794433594,0.3623264729976654,0.07165996730327606,-62.666526794433594,19.362326472997665,0.07165996730327606,19
-62.653221130371094,0.3185036778450012,0.07255999743938446,-62.653221130371094,19.318503677845,0.07255999743938446,19
-62.76215362548828,0.2541312873363495,0.06989000737667084,-62.76215362548828,19.25413128733635,0.06989000737667084,19
-62.58094787597656,0.3224751353263855,0.1138099879026413,-62.58094787597656,19.322475135326385,0.1138099879026413,19
-62.608909606933594,0.2562367022037506,0.06687997281551361,-62.608909606933594,19.25623670220375,0.06687997281551361,19
