Original_X,Original_Y,Original_Z,Adjusted_X,Adjusted_Y,Adjusted_Z,Slice_Index
-50.714866638183594,-3.17642879486084,0.13973002135753632,-50.714866638183594,-2.17642879486084,0.13973002135753632,1
-50.73227310180664,-3.228717088699341,0.07988999783992767,-50.73227310180664,-2.228717088699341,0.07988999783992767,1
-50.718685150146484,-3.235947370529175,0.0800199955701828,-50.718685150146484,-2.235947370529175,0.0800199955701828,1
-50.70106887817383,-3.2796101570129395,0.1391100138425827,-50.70106887817383,-2.2796101570129395,0.1391100138425827,1
-50.594688415527344,-3.179375648498535,0.11927001178264618,-50.594688415527344,-2.179375648498535,0.11927001178264618,1
-50.57876205444336,-3.3138322830200195,0.11682002246379852,-50.57876205444336,-2.3138322830200195,0.11682002246379852,1
