Original_X,Original_Y,Original_Z,Adjusted_X,Adjusted_Y,Adjusted_Z,Slice_Index
11.639892578125,-1.582072377204895,0.1043199747800827,11.639892578125,7.417927622795105,0.1043199747800827,9
