Original_X,Original_Y,Original_Z,Adjusted_X,Adjusted_Y,Adjusted_Z,Slice_Index
-19.563396453857422,0.7471936941146851,0.0955200046300888,-19.563396453857422,21.747193694114685,0.0955200046300888,21
