Original_X,Original_Y,Original_Z,Adjusted_X,Adjusted_Y,Adjusted_Z,Slice_Index
-7.572044372558594,-0.17740032076835632,0.13878999650478363,-7.572044372558594,15.822599679231644,0.13878999650478363,16
-7.558750152587891,-0.1765405535697937,0.13898997008800507,-7.558750152587891,15.823459446430206,0.13898997008800507,16
-7.553596496582031,-0.18057440221309662,0.1388699859380722,-7.553596496582031,15.819425597786903,0.1388699859380722,16
-7.443157196044922,-0.19878846406936646,0.1395299881696701,-7.443157196044922,15.801211535930634,0.1395299881696701,16
-7.426074981689453,-0.20009323954582214,0.13951002061367035,-7.426074981689453,15.799906760454178,0.13951002061367035,16
-7.409233093261719,-0.20600919425487518,0.13944999873638153,-7.409233093261719,15.793990805745125,0.13944999873638153,16
-7.3785247802734375,-0.20797114074230194,0.1397399753332138,-7.3785247802734375,15.792028859257698,0.1397399753332138,16
-7.468654632568359,-0.3102518916130066,0.14017997682094574,-7.468654632568359,15.689748108386993,0.14017997682094574,16
-7.447315216064453,-0.3023694157600403,0.1408899873495102,-7.447315216064453,15.69763058423996,0.1408899873495102,16
