Original_X,Original_Y,Original_Z,Adjusted_X,Adjusted_Y,Adjusted_Z,Slice_Index
-0.3462486267089844,1.0380136966705322,0.10141001641750336,-0.3462486267089844,23.038013696670532,0.10141001641750336,22
-0.23772048950195312,0.920093297958374,0.10085998475551605,-0.23772048950195312,22.920093297958374,0.10085998475551605,22
-0.2785797119140625,0.8961605429649353,0.10086999833583832,-0.2785797119140625,22.896160542964935,0.10086999833583832,22
-0.3636322021484375,0.8552055358886719,0.10097996890544891,-0.3636322021484375,22.855205535888672,0.10097996890544891,22
-0.2982635498046875,0.8779221773147583,0.10112999379634857,-0.2982635498046875,22.87792217731476,0.10112999379634857,22
-0.20194244384765625,0.9133596420288086,0.10137997567653656,-0.20194244384765625,22.91335964202881,0.10137997567653656,22
-0.33483123779296875,0.8561140894889832,0.10133998095989227,-0.33483123779296875,22.856114089488983,0.10133998095989227,22
