Original_X,Original_Y,Original_Z,Adjusted_X,Adjusted_Y,Adjusted_Z,Slice_Index
-65.15092468261719,-0.40426257252693176,0.11979000270366669,-65.15092468261719,14.595737427473068,0.11979000270366669,15
-65.10137939453125,-0.3851417601108551,0.06728999316692352,-65.10137939453125,14.614858239889145,0.06728999316692352,15
-65.0240478515625,-0.37931403517723083,0.11529998481273651,-65.0240478515625,14.62068596482277,0.11529998481273651,15
-65.06130981445312,-0.4053724706172943,0.06749002635478973,-65.06130981445312,14.594627529382706,0.06749002635478973,15
-65.0007095336914,-0.42408040165901184,0.06741999089717865,-65.0007095336914,14.575919598340988,0.06741999089717865,15
-65.15081787109375,-0.4954806864261627,0.12333999574184418,-65.15081787109375,14.504519313573837,0.12333999574184418,15
-65.14055633544922,-0.49232539534568787,0.06454996764659882,-65.14055633544922,14.507674604654312,0.06454996764659882,15
-65.1512680053711,-0.5144774913787842,0.12266002595424652,-65.1512680053711,14.485522508621216,0.12266002595424652,15
-65.14059448242188,-0.5269100069999695,0.11542998254299164,-65.14059448242188,14.47308999300003,0.11542998254299164,15
