Original_X,Original_Y,Original_Z,Adjusted_X,Adjusted_Y,Adjusted_Z,Slice_Index
14.106056213378906,-0.1971803605556488,0.10356001555919647,14.106056213378906,15.802819639444351,0.10356001555919647,16
14.10775375366211,-0.2365797609090805,0.1108500212430954,14.10775375366211,15.76342023909092,0.1108500212430954,16
14.1070556640625,-0.2735377252101898,0.09921000897884369,14.1070556640625,15.72646227478981,0.09921000897884369,16
