Original_X,Original_Y,Original_Z,Adjusted_X,Adjusted_Y,Adjusted_Z,Slice_Index
-51.9307861328125,2.8069145679473877,0.07653002440929413,-51.9307861328125,33.80691456794739,0.07653002440929413,31
-51.90729904174805,2.8086633682250977,0.07618997991085052,-51.90729904174805,33.8086633682251,0.07618997991085052,31
-51.97148132324219,2.7724432945251465,0.08522002398967743,-51.97148132324219,33.77244329452515,0.08522002398967743,31
-51.94315719604492,2.67460560798645,0.07683001458644867,-51.94315719604492,33.67460560798645,0.07683001458644867,31
-51.938690185546875,2.674260139465332,0.07679997384548187,-51.938690185546875,33.67426013946533,0.07679997384548187,31
-51.793113708496094,2.7090065479278564,0.07266001403331757,-51.793113708496094,33.709006547927856,0.07266001403331757,31
-51.847755432128906,2.6777443885803223,0.07182000577449799,-51.847755432128906,33.67774438858032,0.07182000577449799,31
