Original_X,Original_Y,Original_Z,Adjusted_X,Adjusted_Y,Adjusted_Z,Slice_Index
-2.7642250061035156,-1.7639137506484985,0.1039000004529953,-2.7642250061035156,6.2360862493515015,0.1039000004529953,8
-2.7550201416015625,-1.9256691932678223,0.15355996787548065,-2.7550201416015625,6.074330806732178,0.15355996787548065,8
