Original_X,Original_Y,Original_Z,Adjusted_X,Adjusted_Y,Adjusted_Z,Slice_Index
-13.55673599243164,-3.1697473526000977,0.1369899958372116,-13.55673599243164,-2.1697473526000977,0.1369899958372116,1
-13.54217529296875,-3.1741411685943604,0.13693998754024506,-13.54217529296875,-2.1741411685943604,0.13693998754024506,1
-13.529731750488281,-3.181433916091919,0.13670001924037933,-13.529731750488281,-2.181433916091919,0.13670001924037933,1
-13.46954345703125,-3.185659885406494,0.13727997243404388,-13.46954345703125,-2.185659885406494,0.13727997243404388,1
-13.407093048095703,-3.2010583877563477,0.13732002675533295,-13.407093048095703,-2.2010583877563477,0.13732002675533295,1
-13.385822296142578,-3.197164535522461,0.13784001767635345,-13.385822296142578,-2.197164535522461,0.13784001767635345,1
-13.509292602539062,-3.2859890460968018,0.1359100192785263,-13.509292602539062,-2.2859890460968018,0.1359100192785263,1
-13.425285339355469,-3.311911106109619,0.13565997779369354,-13.425285339355469,-2.311911106109619,0.13565997779369354,1
-13.415271759033203,-3.310795545578003,0.13587002456188202,-13.415271759033203,-2.310795545578003,0.13587002456188202,1
