Original_X,Original_Y,Original_Z,Adjusted_X,Adjusted_Y,Adjusted_Z,Slice_Index
-20.679210662841797,1.2286218404769897,0.09385000169277191,-20.679210662841797,24.22862184047699,0.09385000169277191,23
-20.750896453857422,1.139777660369873,0.1350099891424179,-20.750896453857422,24.139777660369873,0.1350099891424179,23
-20.756404876708984,1.1245189905166626,0.13415001332759857,-20.756404876708984,24.124518990516663,0.13415001332759857,23
-20.723369598388672,1.1346595287322998,0.13474999368190765,-20.723369598388672,24.1346595287323,0.13474999368190765,23
-20.670711517333984,1.1142100095748901,0.09309999644756317,-20.670711517333984,24.11421000957489,0.09309999644756317,23
-20.600818634033203,1.1053111553192139,0.09335999190807343,-20.600818634033203,24.105311155319214,0.09335999190807343,23
-20.603748321533203,1.0912405252456665,0.09369997680187225,-20.603748321533203,24.091240525245667,0.09369997680187225,23
