Original_X,Original_Y,Original_Z,Adjusted_X,Adjusted_Y,Adjusted_Z,Slice_Index
-12.369636535644531,1.1688470840454102,0.13867001235485077,-12.369636535644531,24.16884708404541,0.13867001235485077,23
-12.35711669921875,1.1587920188903809,0.1382400244474411,-12.35711669921875,24.15879201889038,0.1382400244474411,23
-12.201492309570312,1.1940513849258423,0.0967399924993515,-12.201492309570312,24.194051384925842,0.0967399924993515,23
-12.230812072753906,1.1786762475967407,0.09693001210689545,-12.230812072753906,24.17867624759674,0.09693001210689545,23
-12.291938781738281,1.1484400033950806,0.1383499950170517,-12.291938781738281,24.14844000339508,0.1383499950170517,23
-12.272270202636719,1.1434978246688843,0.13846002519130707,-12.272270202636719,24.143497824668884,0.13846002519130707,23
-12.231697082519531,1.1474835872650146,0.1389700025320053,-12.231697082519531,24.147483587265015,0.1389700025320053,23
-12.20404052734375,1.1469770669937134,0.13919000327587128,-12.20404052734375,24.146977066993713,0.13919000327587128,23
