Original_X,Original_Y,Original_Z,Adjusted_X,Adjusted_Y,Adjusted_Z,Slice_Index
-20.776344299316406,-2.803940534591675,0.14492999017238617,-20.776344299316406,0.1960594654083252,0.14492999017238617,3
-20.644664764404297,-2.785162925720215,0.1313900202512741,-20.644664764404297,0.21483707427978516,0.1313900202512741,3
-20.641925811767578,-2.7966387271881104,0.131290003657341,-20.641925811767578,0.20336127281188965,0.131290003657341,3
-20.772071838378906,-2.855562448501587,0.14372996985912323,-20.772071838378906,0.14443755149841309,0.14372996985912323,3
-20.75540542602539,-2.9221644401550293,0.1326799839735031,-20.75540542602539,0.0778355598449707,0.1326799839735031,3
-20.717140197753906,-2.9110827445983887,0.12963001430034637,-20.717140197753906,0.08891725540161133,0.12963001430034637,3
