Original_X,Original_Y,Original_Z,Adjusted_X,Adjusted_Y,Adjusted_Z,Slice_Index
0.8363571166992188,2.695758581161499,0.10492001473903656,0.8363571166992188,32.6957585811615,0.10492001473903656,31
0.8287391662597656,2.6891963481903076,0.10488997399806976,0.8287391662597656,32.68919634819031,0.10488997399806976,31
0.9109649658203125,2.705718994140625,0.10576997697353363,0.9109649658203125,32.705718994140625,0.10576997697353363,31
0.9834785461425781,2.7212533950805664,0.1063300222158432,0.9834785461425781,32.721253395080566,0.1063300222158432,31
0.9528465270996094,2.5946433544158936,0.10500000417232513,0.9528465270996094,32.594643354415894,0.10500000417232513,31
0.9317855834960938,2.583139181137085,0.10509000718593597,0.9317855834960938,32.583139181137085,0.10509000718593597,31
0.9644355773925781,2.5932934284210205,0.10515998303890228,0.9644355773925781,32.59329342842102,0.10515998303890228,31
1.0157127380371094,2.6095800399780273,0.10558001697063446,1.0157127380371094,32.60958003997803,0.10558001697063446,31
0.9959297180175781,2.5956742763519287,0.10545001924037933,0.9959297180175781,32.59567427635193,0.10545001924037933,31
