Original_X,Original_Y,Original_Z,Adjusted_X,Adjusted_Y,Adjusted_Z,Slice_Index
5.771595001220703,-1.3677573204040527,0.13862000405788422,5.771595001220703,8.632242679595947,0.13862000405788422,10
5.735374450683594,-1.3975499868392944,0.13828997313976288,5.735374450683594,8.602450013160706,0.13828997313976288,10
5.6707763671875,-1.4285873174667358,0.13862000405788422,5.6707763671875,8.571412682533264,0.13862000405788422,10
5.7612152099609375,-1.431195855140686,0.14360998570919037,5.7612152099609375,8.568804144859314,0.14360998570919037,10
5.80035400390625,-1.432068109512329,0.14431999623775482,5.80035400390625,8.567931890487671,0.14431999623775482,10
5.744873046875,-1.5144838094711304,0.1389700025320053,5.744873046875,8.48551619052887,0.1389700025320053,10
5.6952972412109375,-1.5355626344680786,0.14381001889705658,5.6952972412109375,8.464437365531921,0.14381001889705658,10
5.800682067871094,-1.4949451684951782,0.13837997615337372,5.800682067871094,8.505054831504822,0.13837997615337372,10
