Original_X,Original_Y,Original_Z,Adjusted_X,Adjusted_Y,Adjusted_Z,Slice_Index
-35.01050567626953,0.3901769816875458,0.1285800188779831,-35.01050567626953,19.390176981687546,0.1285800188779831,19
-34.980247497558594,0.3938978910446167,0.12866000831127167,-34.980247497558594,19.393897891044617,0.12866000831127167,19
-34.988014221191406,0.3381560444831848,0.09524999558925629,-34.988014221191406,19.338156044483185,0.09524999558925629,19
-35.0053825378418,0.31561750173568726,0.095970019698143,-35.0053825378418,19.315617501735687,0.095970019698143,19
-35.083370208740234,0.2739065885543823,0.08758001029491425,-35.083370208740234,19.273906588554382,0.08758001029491425,19
-35.023529052734375,0.29791656136512756,0.0870799869298935,-35.023529052734375,19.297916561365128,0.0870799869298935,19
-35.02747344970703,0.26133519411087036,0.08798001706600189,-35.02747344970703,19.26133519411087,0.08798001706600189,19
-34.990692138671875,0.2729073166847229,0.12937001883983612,-34.990692138671875,19.272907316684723,0.12937001883983612,19
-35.04178237915039,0.24888329207897186,0.08838997781276703,-35.04178237915039,19.248883292078972,0.08838997781276703,19
