Original_X,Original_Y,Original_Z,Adjusted_X,Adjusted_Y,Adjusted_Z,Slice_Index
8.143295288085938,-0.37063726782798767,0.10658000409603119,8.143295288085938,14.629362732172012,0.10658000409603119,15
8.060375213623047,-0.43100354075431824,0.14198999106884003,8.060375213623047,14.568996459245682,0.14198999106884003,15
8.203903198242188,-0.3741253912448883,0.14048002660274506,8.203903198242188,14.625874608755112,0.14048002660274506,15
8.107471466064453,-0.4151802659034729,0.10203997790813446,8.107471466064453,14.584819734096527,0.10203997790813446,15
8.21670150756836,-0.40785542130470276,0.10660998523235321,8.21670150756836,14.592144578695297,0.10660998523235321,15
8.109004974365234,-0.4589312970638275,0.10316000878810883,8.109004974365234,14.541068702936172,0.10316000878810883,15
8.181781768798828,-0.5045621395111084,0.1413400024175644,8.181781768798828,14.495437860488892,0.1413400024175644,15
8.06912612915039,-0.5620319247245789,0.10724000632762909,8.06912612915039,14.437968075275421,0.10724000632762909,15
8.216068267822266,-0.5210049748420715,0.1413000077009201,8.216068267822266,14.478995025157928,0.1413000077009201,15
