Original_X,Original_Y,Original_Z,Adjusted_X,Adjusted_Y,Adjusted_Z,Slice_Index
2.0960311889648438,0.55438631772995,0.1065400093793869,2.0960311889648438,20.55438631772995,0.1065400093793869,20
2.103015899658203,0.5543339252471924,0.10690002143383026,2.103015899658203,20.554333925247192,0.10690002143383026,20
2.097095489501953,0.5357127785682678,0.10712002217769623,2.097095489501953,20.535712778568268,0.10712002217769623,20
2.1673660278320312,0.5184767842292786,0.10647998750209808,2.1673660278320312,20.51847678422928,0.10647998750209808,20
2.0584564208984375,0.4526967406272888,0.10111002624034882,2.0584564208984375,20.45269674062729,0.10111002624034882,20
2.209209442138672,0.5002046823501587,0.10633997619152069,2.209209442138672,20.50020468235016,0.10633997619152069,20
