Original_X,Original_Y,Original_Z,Adjusted_X,Adjusted_Y,Adjusted_Z,Slice_Index
-20.748626708984375,-0.08775937557220459,0.1357700079679489,-20.748626708984375,16.912240624427795,0.1357700079679489,17
-20.74292755126953,-0.0896529033780098,0.13569997251033783,-20.74292755126953,16.91034709662199,0.13569997251033783,17
-20.630695343017578,-0.14073315262794495,0.0966399759054184,-20.630695343017578,16.859266847372055,0.0966399759054184,17
-20.65428924560547,-0.15734192728996277,0.0968800038099289,-20.65428924560547,16.842658072710037,0.0968800038099289,17
-20.57958984375,-0.14289507269859314,0.09697000682353973,-20.57958984375,16.857104927301407,0.09697000682353973,17
