Original_X,Original_Y,Original_Z,Adjusted_X,Adjusted_Y,Adjusted_Z,Slice_Index
-2.5816116333007812,1.825303077697754,0.10098998248577118,-2.5816116333007812,27.825303077697754,0.10098998248577118,26
-2.6619033813476562,1.7686882019042969,0.10160999000072479,-2.6619033813476562,27.768688201904297,0.10160999000072479,26
-2.7646446228027344,1.7223035097122192,0.10130999982357025,-2.7646446228027344,27.72230350971222,0.10130999982357025,26
-2.669361114501953,1.7601665258407593,0.10160999000072479,-2.669361114501953,27.76016652584076,0.10160999000072479,26
-2.6879005432128906,1.741698145866394,0.10208998620510101,-2.6879005432128906,27.741698145866394,0.10208998620510101,26
-2.7467613220214844,1.7162877321243286,0.1017799824476242,-2.7467613220214844,27.71628773212433,0.1017799824476242,26
-2.7167701721191406,1.7202091217041016,0.10211996734142303,-2.7167701721191406,27.7202091217041,0.10211996734142303,26
