Original_X,Original_Y,Original_Z,Adjusted_X,Adjusted_Y,Adjusted_Z,Slice_Index
-0.3721466064453125,1.3948850631713867,0.10114000737667084,-0.3721466064453125,25.394885063171387,0.10114000737667084,24
-0.3222923278808594,1.2465111017227173,0.10119001567363739,-0.3222923278808594,25.246511101722717,0.10119001567363739,24
