Original_X,Original_Y,Original_Z,Adjusted_X,Adjusted_Y,Adjusted_Z,Slice_Index
10.566577911376953,-2.1717612743377686,0.1570499986410141,10.566577911376953,3.8282387256622314,0.1570499986410141,6
10.472381591796875,-2.2144787311553955,0.20204000174999237,10.472381591796875,3.7855212688446045,0.20204000174999237,6
10.4842529296875,-2.225590705871582,0.20148997008800507,10.4842529296875,3.774409294128418,0.20148997008800507,6
10.54800796508789,-2.2265117168426514,0.13994000852108002,10.54800796508789,3.7734882831573486,0.13994000852108002,6
10.560123443603516,-2.2264420986175537,0.19934998452663422,10.560123443603516,3.7735579013824463,0.19934998452663422,6
10.570392608642578,-2.223985195159912,0.19411002099514008,10.570392608642578,3.776014804840088,0.19411002099514008,6
10.577957153320312,-2.2253119945526123,0.13924001157283783,10.577957153320312,3.7746880054473877,0.13924001157283783,6
10.615951538085938,-2.226053237915039,0.19270001351833344,10.615951538085938,3.773946762084961,0.19270001351833344,6
10.582565307617188,-2.3286290168762207,0.14011000096797943,10.582565307617188,3.6713709831237793,0.14011000096797943,6
