Original_X,Original_Y,Original_Z,Adjusted_X,Adjusted_Y,Adjusted_Z,Slice_Index
-19.50273895263672,0.5799782276153564,0.09579001367092133,-19.50273895263672,20.579978227615356,0.09579001367092133,20
-19.489063262939453,0.5824404954910278,0.09589998424053192,-19.489063262939453,20.582440495491028,0.09589998424053192,20
-19.540504455566406,0.5529566407203674,0.09632997214794159,-19.540504455566406,20.552956640720367,0.09632997214794159,20
