Original_X,Original_Y,Original_Z,Adjusted_X,Adjusted_Y,Adjusted_Z,Slice_Index
-20.75196075439453,-0.21885937452316284,0.13578002154827118,-20.75196075439453,15.781140625476837,0.13578002154827118,16
-20.619693756103516,-0.17264047265052795,0.09747998416423798,-20.619693756103516,15.827359527349472,0.09747998416423798,16
-20.58858871459961,-0.1660395711660385,0.09743998944759369,-20.58858871459961,15.833960428833961,0.09743998944759369,16
-20.75174331665039,-0.32535824179649353,0.09575997292995453,-20.75174331665039,15.674641758203506,0.09575997292995453,16
-20.73114776611328,-0.33734962344169617,0.1363299936056137,-20.73114776611328,15.662650376558304,0.1363299936056137,16
-20.726329803466797,-0.3402579724788666,0.13613997399806976,-20.726329803466797,15.659742027521133,0.13613997399806976,16
-20.60947036743164,-0.31521540880203247,0.09615997970104218,-20.60947036743164,15.684784591197968,0.09615997970104218,16
-20.638778686523438,-0.34897685050964355,0.09682999551296234,-20.638778686523438,15.651023149490356,0.09682999551296234,16
-20.62795639038086,-0.346964567899704,0.09717999398708344,-20.62795639038086,15.653035432100296,0.09717999398708344,16
