Original_X,Original_Y,Original_Z,Adjusted_X,Adjusted_Y,Adjusted_Z,Slice_Index
12.825874328613281,-2.2106075286865234,0.10744999349117279,12.825874328613281,3.7893924713134766,0.10744999349117279,6
