Original_X,Original_Y,Original_Z,Adjusted_X,Adjusted_Y,Adjusted_Z,Slice_Index
-13.560211181640625,-2.7831223011016846,0.13811002671718597,-13.560211181640625,0.21687769889831543,0.13811002671718597,3
-13.521316528320312,-2.790775775909424,0.13825999200344086,-13.521316528320312,0.20922422409057617,0.13825999200344086,3
-13.470405578613281,-2.7964487075805664,0.1385599821805954,-13.470405578613281,0.2035512924194336,0.1385599821805954,3
-13.423843383789062,-2.8178000450134277,0.13802002370357513,-13.423843383789062,0.18219995498657227,0.13802002370357513,3
-13.516555786132812,-2.899742841720581,0.13714002072811127,-13.516555786132812,0.10025715827941895,0.13714002072811127,3
-13.45339584350586,-2.915259838104248,0.13714997470378876,-13.45339584350586,0.08474016189575195,0.13714997470378876,3
-13.429309844970703,-2.9249649047851562,0.13695000112056732,-13.429309844970703,0.07503509521484375,0.13695000112056732,3
-13.4091796875,-2.926413059234619,0.13714997470378876,-13.4091796875,0.07358694076538086,0.13714997470378876,3
-13.391345977783203,-2.9375150203704834,0.13679002225399017,-13.391345977783203,0.0624849796295166,0.13679002225399017,3
