Original_X,Original_Y,Original_Z,Adjusted_X,Adjusted_Y,Adjusted_Z,Slice_Index
-52.98440933227539,1.2484381198883057,0.07789002358913422,-52.98440933227539,23.248438119888306,0.07789002358913422,23
-53.04096603393555,1.1438958644866943,0.07661996781826019,-53.04096603393555,23.143895864486694,0.07661996781826019,23
-52.98717498779297,1.108135461807251,0.07719998061656952,-52.98717498779297,23.10813546180725,0.07719998061656952,23
