Original_X,Original_Y,Original_Z,Adjusted_X,Adjusted_Y,Adjusted_Z,Slice_Index
-2.755229949951172,2.8183810710906982,0.09961001574993134,-2.755229949951172,33.8183810710907,0.09961001574993134,31
-2.601978302001953,2.8164117336273193,0.1070999950170517,-2.601978302001953,33.81641173362732,0.1070999950170517,31
-2.7301025390625,2.759343385696411,0.10650001466274261,-2.7301025390625,33.75934338569641,0.10650001466274261,31
-2.597332000732422,2.8140270709991455,0.106890007853508,-2.597332000732422,33.814027070999146,0.106890007853508,31
-2.6440353393554688,2.7272493839263916,0.10075996816158295,-2.6440353393554688,33.72724938392639,0.10075996816158295,31
-2.6588058471679688,2.7119743824005127,0.1062300056219101,-2.6588058471679688,33.71197438240051,0.1062300056219101,31
-2.613391876220703,2.7261147499084473,0.10141001641750336,-2.613391876220703,33.72611474990845,0.10141001641750336,31
-2.661640167236328,2.705357074737549,0.10655997693538666,-2.661640167236328,33.70535707473755,0.10655997693538666,31
-2.605438232421875,2.660548686981201,0.10656999051570892,-2.605438232421875,33.6605486869812,0.10656999051570892,31
