Original_X,Original_Y,Original_Z,Adjusted_X,Adjusted_Y,Adjusted_Z,Slice_Index
-15.883758544921875,2.375200033187866,0.09351997077465057,-15.883758544921875,31.375200033187866,0.09351997077465057,29
-15.856605529785156,2.374060869216919,0.09372000396251678,-15.856605529785156,31.37406086921692,0.09372000396251678,29
-15.788185119628906,2.2475552558898926,0.09443001449108124,-15.788185119628906,31.247555255889893,0.09443001449108124,29
-15.817432403564453,2.3724558353424072,0.09432999789714813,-15.817432403564453,31.372455835342407,0.09432999789714813,29
-15.809741973876953,2.3620364665985107,0.09483002126216888,-15.809741973876953,31.36203646659851,0.09483002126216888,29
