Original_X,Original_Y,Original_Z,Adjusted_X,Adjusted_Y,Adjusted_Z,Slice_Index
-53.044246673583984,-0.9662182331085205,0.12851999700069427,-53.044246673583984,11.03378176689148,0.12851999700069427,12
-53.06456756591797,-0.9828476905822754,0.07957999408245087,-53.06456756591797,11.017152309417725,0.07957999408245087,12
-53.06171417236328,-0.9934307336807251,0.07994000613689423,-53.06171417236328,11.006569266319275,0.07994000613689423,12
-53.0109748840332,-0.9927035570144653,0.128230020403862,-53.0109748840332,11.007296442985535,0.128230020403862,12
-53.02764129638672,-1.0029711723327637,0.08017997443675995,-53.02764129638672,10.997028827667236,0.08017997443675995,12
-53.117801666259766,-1.1402798891067505,0.1285400241613388,-53.117801666259766,10.85972011089325,0.1285400241613388,12
