Original_X,Original_Y,Original_Z,Adjusted_X,Adjusted_Y,Adjusted_Z,Slice_Index
5.693088531494141,2.5817840099334717,0.10329000651836395,5.693088531494141,32.58178400993347,0.10329000651836395,30
5.812969207763672,2.628706932067871,0.10396002233028412,5.812969207763672,32.62870693206787,0.10396002233028412,30
5.655265808105469,2.5478196144104004,0.10343001782894135,5.655265808105469,32.5478196144104,0.10343001782894135,30
5.718482971191406,2.5735747814178467,0.10369996726512909,5.718482971191406,32.57357478141785,0.10369996726512909,30
5.7431640625,2.44810152053833,0.10295002162456512,5.7431640625,32.44810152053833,0.10295002162456512,30
5.7842254638671875,2.4625914096832275,0.10304997861385345,5.7842254638671875,32.46259140968323,0.10304997861385345,30
