Original_X,Original_Y,Original_Z,Adjusted_X,Adjusted_Y,Adjusted_Z,Slice_Index
-12.362163543701172,0.7939335107803345,0.09745000302791595,-12.362163543701172,21.793933510780334,0.09745000302791595,21
-12.356147766113281,0.7923987507820129,0.09773002564907074,-12.356147766113281,21.792398750782013,0.09773002564907074,21
-12.365123748779297,0.7868857979774475,0.09755001962184906,-12.365123748779297,21.786885797977448,0.09755001962184906,21
-12.364330291748047,0.7127493619918823,0.13868002593517303,-12.364330291748047,21.712749361991882,0.13868002593517303,21
-12.333473205566406,0.7082080245018005,0.1387600153684616,-12.333473205566406,21.7082080245018,0.1387600153684616,21
-12.32223129272461,0.6991179585456848,0.13846002519130707,-12.32223129272461,21.699117958545685,0.13846002519130707,21
-12.218059539794922,0.6968265771865845,0.13929001986980438,-12.218059539794922,21.696826577186584,0.13929001986980438,21
