Original_X,Original_Y,Original_Z,Adjusted_X,Adjusted_Y,Adjusted_Z,Slice_Index
-19.570438385009766,-1.2423553466796875,0.14788000285625458,-19.570438385009766,9.757644653320312,0.14788000285625458,11
-19.511394500732422,-1.3045921325683594,0.1473899930715561,-19.511394500732422,9.69540786743164,0.1473899930715561,11
-19.4815673828125,-1.3449509143829346,0.09852997958660126,-19.4815673828125,9.655049085617065,0.09852997958660126,11
-19.44721221923828,-1.339255452156067,0.09844999015331268,-19.44721221923828,9.660744547843933,0.09844999015331268,11
-19.4580078125,-1.346829891204834,0.09865997731685638,-19.4580078125,9.653170108795166,0.09865997731685638,11
-19.377246856689453,-1.3322861194610596,0.09862999618053436,-19.377246856689453,9.66771388053894,0.09862999618053436,11
