Original_X,Original_Y,Original_Z,Adjusted_X,Adjusted_Y,Adjusted_Z,Slice_Index
-50.59259796142578,-2.7862372398376465,0.12592999637126923,-50.59259796142578,0.21376276016235352,0.12592999637126923,3
-50.61092758178711,-2.7990663051605225,0.12533001601696014,-50.61092758178711,0.20093369483947754,0.12533001601696014,3
-50.77180480957031,-2.8827173709869385,0.08481000363826752,-50.77180480957031,0.11728262901306152,0.08481000363826752,3
-50.76097869873047,-2.9323530197143555,0.13016997277736664,-50.76097869873047,0.06764698028564453,0.13016997277736664,3
-50.68089294433594,-2.899461030960083,0.0851999968290329,-50.68089294433594,0.10053896903991699,0.0851999968290329,3
-50.60390090942383,-2.9281914234161377,0.12323997914791107,-50.60390090942383,0.0718085765838623,0.12323997914791107,3
-50.623023986816406,-2.947117805480957,0.12245999276638031,-50.623023986816406,0.05288219451904297,0.12245999276638031,3
-50.61355209350586,-2.9443304538726807,0.12248997390270233,-50.61355209350586,0.055669546127319336,0.12248997390270233,3
-50.6165771484375,-2.953010082244873,0.12205998599529266,-50.6165771484375,0.04698991775512695,0.12205998599529266,3
