Original_X,Original_Y,Original_Z,Adjusted_X,Adjusted_Y,Adjusted_Z,Slice_Index
3.3660812377929688,1.332366943359375,0.10265998542308807,3.3660812377929688,25.332366943359375,0.10265998542308807,24
3.2591514587402344,1.283186435699463,0.1024799793958664,3.2591514587402344,25.283186435699463,0.1024799793958664,24
3.288867950439453,1.2932621240615845,0.10269998013973236,3.288867950439453,25.293262124061584,0.10269998013973236,24
3.2393646240234375,1.266823172569275,0.10281001031398773,3.2393646240234375,25.266823172569275,0.10281001031398773,24
3.405994415283203,1.3235892057418823,0.10347001254558563,3.405994415283203,25.323589205741882,0.10347001254558563,24
3.260883331298828,1.2597362995147705,0.10327999293804169,3.260883331298828,25.25973629951477,0.10327999293804169,24
3.2770004272460938,1.2635966539382935,0.10343997180461884,3.2770004272460938,25.263596653938293,0.10343997180461884,24
3.3984375,1.301248550415039,0.10397998988628387,3.3984375,25.30124855041504,0.10397998988628387,24
