Original_X,Original_Y,Original_Z,Adjusted_X,Adjusted_Y,Adjusted_Z,Slice_Index
11.747276306152344,0.8301957249641418,0.10501997172832489,11.747276306152344,20.830195724964142,0.10501997172832489,21
11.638568878173828,0.6940823197364807,0.10570000112056732,11.638568878173828,20.69408231973648,0.10570000112056732,21
11.637893676757812,0.6793311834335327,0.10612998902797699,11.637893676757812,20.679331183433533,0.10612998902797699,21
11.784538269042969,0.7337997555732727,0.10037998855113983,11.784538269042969,20.733799755573273,0.10037998855113983,21
11.665863037109375,0.6834561824798584,0.10554002225399017,11.665863037109375,20.68345618247986,0.10554002225399017,21
11.783027648925781,0.7245365977287292,0.10040996968746185,11.783027648925781,20.72453659772873,0.10040996968746185,21
11.745002746582031,0.6985840201377869,0.10049997270107269,11.745002746582031,20.698584020137787,0.10049997270107269,21
11.74148178100586,0.6915419101715088,0.10076998174190521,11.74148178100586,20.69154191017151,0.10076998174190521,21
11.719318389892578,0.6609983444213867,0.10094998776912689,11.719318389892578,20.660998344421387,0.10094998776912689,21
