Original_X,Original_Y,Original_Z,Adjusted_X,Adjusted_Y,Adjusted_Z,Slice_Index
-49.41885757446289,0.6463918089866638,0.12967000901699066,-49.41885757446289,20.646391808986664,0.12967000901699066,20
-49.471702575683594,0.6141295433044434,0.07894997298717499,-49.471702575683594,20.614129543304443,0.07894997298717499,20
-49.48503875732422,0.5920155048370361,0.07965998351573944,-49.48503875732422,20.592015504837036,0.07965998351573944,20
-49.39223861694336,0.5847563147544861,0.1222900003194809,-49.39223861694336,20.584756314754486,0.1222900003194809,20
-49.41532897949219,0.5688418745994568,0.12177000939846039,-49.41532897949219,20.568841874599457,0.12177000939846039,20
-49.55485153198242,0.4747890830039978,0.12994001805782318,-49.55485153198242,20.474789083003998,0.12994001805782318,20
-49.52171325683594,0.46901822090148926,0.13030998408794403,-49.52171325683594,20.46901822090149,0.13030998408794403,20
-49.51032638549805,0.45898064970970154,0.13020001351833344,-49.51032638549805,20.4589806497097,0.13020001351833344,20
