Original_X,Original_Y,Original_Z,Adjusted_X,Adjusted_Y,Adjusted_Z,Slice_Index
-49.53376770019531,1.155674695968628,0.07766000926494598,-49.53376770019531,24.155674695968628,0.07766000926494598,23
-49.4975471496582,1.1592961549758911,0.07744000852108002,-49.4975471496582,24.15929615497589,0.07744000852108002,23
-49.5213623046875,1.1399650573730469,0.07815997302532196,-49.5213623046875,24.139965057373047,0.07815997302532196,23
-49.459774017333984,1.1463539600372314,0.12081997096538544,-49.459774017333984,24.14635396003723,0.12081997096538544,23
-49.45283126831055,1.1466857194900513,0.12094001471996307,-49.45283126831055,24.14668571949005,0.12094001471996307,23
-49.395423889160156,1.1578466892242432,0.12102000415325165,-49.395423889160156,24.157846689224243,0.12102000415325165,23
-49.39187240600586,1.1131994724273682,0.07811997830867767,-49.39187240600586,24.113199472427368,0.07811997830867767,23
