Original_X,Original_Y,Original_Z,Adjusted_X,Adjusted_Y,Adjusted_Z,Slice_Index
-1.5317764282226562,0.9961501955986023,0.10040996968746185,-1.5317764282226562,22.996150195598602,0.10040996968746185,22
-1.4847526550292969,0.9865706562995911,0.10105000436306,-1.4847526550292969,22.98657065629959,0.10105000436306,22
-1.4269752502441406,0.8405472636222839,0.10061000287532806,-1.4269752502441406,22.840547263622284,0.10061000287532806,22
-1.3880348205566406,0.8423076272010803,0.10099999606609344,-1.3880348205566406,22.84230762720108,0.10099999606609344,22
