Original_X,Original_Y,Original_Z,Adjusted_X,Adjusted_Y,Adjusted_Z,Slice_Index
-56.57799530029297,0.24244172871112823,0.07632999122142792,-56.57799530029297,18.24244172871113,0.07632999122142792,18
-56.73184585571289,0.14510910212993622,0.07512001693248749,-56.73184585571289,18.145109102129936,0.07512001693248749,18
-56.680641174316406,0.12744486331939697,0.07524000108242035,-56.680641174316406,18.127444863319397,0.07524000108242035,18
-56.69368362426758,0.12111307680606842,0.07552002370357513,-56.69368362426758,18.12111307680607,0.07552002370357513,18
-56.653076171875,0.12793859839439392,0.07495002448558807,-56.653076171875,18.127938598394394,0.07495002448558807,18
-56.64433670043945,0.11507254838943481,0.07533000409603119,-56.64433670043945,18.115072548389435,0.07533000409603119,18
