Original_X,Original_Y,Original_Z,Adjusted_X,Adjusted_Y,Adjusted_Z,Slice_Index
-5.170413970947266,-1.4106906652450562,0.1406400054693222,-5.170413970947266,8.589309334754944,0.1406400054693222,10
-5.157356262207031,-1.5578612089157104,0.15175001323223114,-5.157356262207031,8.44213879108429,0.15175001323223114,10
