Original_X,Original_Y,Original_Z,Adjusted_X,Adjusted_Y,Adjusted_Z,Slice_Index
-2.7749404907226562,1.579653263092041,0.10076998174190521,-2.7749404907226562,26.57965326309204,0.10076998174190521,25
-2.6964645385742188,1.601755142211914,0.10111002624034882,-2.6964645385742188,26.601755142211914,0.10111002624034882,25
-2.6276206970214844,1.6163537502288818,0.10149000585079193,-2.6276206970214844,26.616353750228882,0.10149000585079193,25
-2.7184219360351562,1.574166178703308,0.1015699952840805,-2.7184219360351562,26.574166178703308,0.1015699952840805,25
-2.761035919189453,1.4423781633377075,0.10006998479366302,-2.761035919189453,26.442378163337708,0.10006998479366302,25
-2.6348495483398438,1.471954345703125,0.1008099764585495,-2.6348495483398438,26.471954345703125,0.1008099764585495,25
-2.594249725341797,1.4883325099945068,0.10081999003887177,-2.594249725341797,26.488332509994507,0.10081999003887177,25
-2.6576194763183594,1.4585639238357544,0.10067002475261688,-2.6576194763183594,26.458563923835754,0.10067002475261688,25
-2.596172332763672,1.4809561967849731,0.10085998475551605,-2.596172332763672,26.480956196784973,0.10085998475551605,25
