Original_X,Original_Y,Original_Z,Adjusted_X,Adjusted_Y,Adjusted_Z,Slice_Index
0.8832855224609375,-0.5128782391548157,0.10215000808238983,0.8832855224609375,14.487121760845184,0.10215000808238983,15
0.9436759948730469,-0.4996909201145172,0.102339968085289,0.9436759948730469,14.500309079885483,0.102339968085289,15
0.8501319885253906,-0.5429608821868896,0.10251997411251068,0.8501319885253906,14.45703911781311,0.10251997411251068,15
0.8946189880371094,-0.5351473689079285,0.10264001786708832,0.8946189880371094,14.464852631092072,0.10264001786708832,15
0.9401283264160156,-0.605400025844574,0.10683999955654144,0.9401283264160156,14.394599974155426,0.10683999955654144,15
1.0213127136230469,-0.45387253165245056,0.10739998519420624,1.0213127136230469,14.54612746834755,0.10739998519420624,15
