Original_X,Original_Y,Original_Z,Adjusted_X,Adjusted_Y,Adjusted_Z,Slice_Index
-11.097469329833984,0.38665470480918884,0.13973002135753632,-11.097469329833984,19.38665470480919,0.13973002135753632,19
-11.074390411376953,0.3723675608634949,0.1392199844121933,-11.074390411376953,19.372367560863495,0.1392199844121933,19
-11.032543182373047,0.36161890625953674,0.13916002213954926,-11.032543182373047,19.361618906259537,0.13916002213954926,19
-11.0025634765625,0.35343706607818604,0.09816001355648041,-11.0025634765625,19.353437066078186,0.09816001355648041,19
-11.12856674194336,0.24501317739486694,0.13912998139858246,-11.12856674194336,19.245013177394867,0.13912998139858246,19
-11.066658020019531,0.23743194341659546,0.1393200010061264,-11.066658020019531,19.237431943416595,0.1393200010061264,19
