Original_X,Original_Y,Original_Z,Adjusted_X,Adjusted_Y,Adjusted_Z,Slice_Index
-0.3374595642089844,-0.4398421347141266,0.09852997958660126,-0.3374595642089844,14.560157865285873,0.09852997958660126,15
-0.3271141052246094,-0.4699991047382355,0.10713998973369598,-0.3271141052246094,14.530000895261765,0.10713998973369598,15
-0.2829093933105469,-0.4531456232070923,0.1060200184583664,-0.2829093933105469,14.546854376792908,0.1060200184583664,15
