Original_X,Original_Y,Original_Z,Adjusted_X,Adjusted_Y,Adjusted_Z,Slice_Index
-64.99542236328125,-2.2275915145874023,0.07511000335216522,-64.99542236328125,3.7724084854125977,0.07511000335216522,6
-65.05655670166016,-2.2581982612609863,0.12118999660015106,-65.05655670166016,3.7418017387390137,0.12118999660015106,6
-65.04235076904297,-2.2715728282928467,0.1210700124502182,-65.04235076904297,3.7284271717071533,0.1210700124502182,6
-64.9962387084961,-2.254542589187622,0.07609997689723969,-64.9962387084961,3.745457410812378,0.07609997689723969,6
-65.02008056640625,-2.283964157104492,0.12134997546672821,-65.02008056640625,3.716035842895508,0.12134997546672821,6
