Original_X,Original_Y,Original_Z,Adjusted_X,Adjusted_Y,Adjusted_Z,Slice_Index
-2.7483978271484375,-2.7136623859405518,0.1552100032567978,-2.7483978271484375,1.2863376140594482,0.1552100032567978,4
-2.769824981689453,-2.722848892211914,0.15391002595424652,-2.769824981689453,1.277151107788086,0.15391002595424652,4
-2.6525802612304688,-2.5878632068634033,0.10619001090526581,-2.6525802612304688,1.4121367931365967,0.10619001090526581,4
-2.5918960571289062,-2.573289155960083,0.1437700241804123,-2.5918960571289062,1.426710844039917,0.1437700241804123,4
-2.6993331909179688,-2.647258758544922,0.14374999701976776,-2.6993331909179688,1.3527412414550781,0.14374999701976776,4
-2.621990203857422,-2.6678338050842285,0.1441899985074997,-2.621990203857422,1.3321661949157715,0.1441899985074997,4
-2.5938987731933594,-2.679029703140259,0.1439400166273117,-2.5938987731933594,1.3209702968597412,0.1439400166273117,4
-2.5901870727539062,-2.688715934753418,0.14374999701976776,-2.5901870727539062,1.311284065246582,0.14374999701976776,4
-2.666187286376953,-2.753652334213257,0.14420001208782196,-2.666187286376953,1.2463476657867432,0.14420001208782196,4
