Original_X,Original_Y,Original_Z,Adjusted_X,Adjusted_Y,Adjusted_Z,Slice_Index
-15.973373413085938,-0.41227486729621887,0.13812999427318573,-15.973373413085938,14.587725132703781,0.13812999427318573,15
-15.925479888916016,-0.4035477936267853,0.13878999650478363,-15.925479888916016,14.596452206373215,0.13878999650478363,15
-15.879688262939453,-0.4173155426979065,0.13867001235485077,-15.879688262939453,14.582684457302094,0.13867001235485077,15
-15.838787078857422,-0.4166150391101837,0.13881997764110565,-15.838787078857422,14.583384960889816,0.13881997764110565,15
-15.843818664550781,-0.42260387539863586,0.1387299746274948,-15.843818664550781,14.577396124601364,0.1387299746274948,15
-15.960227966308594,-0.5331079959869385,0.13840000331401825,-15.960227966308594,14.466892004013062,0.13840000331401825,15
-15.872852325439453,-0.5451238751411438,0.13862000405788422,-15.872852325439453,14.454876124858856,0.13862000405788422,15
-15.866535186767578,-0.5468905568122864,0.13868002593517303,-15.866535186767578,14.453109443187714,0.13868002593517303,15
-15.850982666015625,-0.5594908595085144,0.13821999728679657,-15.850982666015625,14.440509140491486,0.13821999728679657,15
