Original_X,Original_Y,Original_Z,Adjusted_X,Adjusted_Y,Adjusted_Z,Slice_Index
5.655918121337891,2.2126944065093994,0.10312001407146454,5.655918121337891,30.2126944065094,0.10312001407146454,28
5.661064147949219,2.188946485519409,0.10383002460002899,5.661064147949219,30.18894648551941,0.10383002460002899,28
5.8104248046875,2.1292014122009277,0.10290996730327606,5.8104248046875,30.129201412200928,0.10290996730327606,28
5.7537994384765625,2.093200922012329,0.10282997786998749,5.7537994384765625,30.09320092201233,0.10282997786998749,28
5.663188934326172,2.0445210933685303,0.10283999145030975,5.663188934326172,30.04452109336853,0.10283999145030975,28
5.735774993896484,2.0724570751190186,0.1032399982213974,5.735774993896484,30.07245707511902,0.1032399982213974,28
5.700771331787109,2.054791212081909,0.10312001407146454,5.700771331787109,30.05479121208191,0.10312001407146454,28
5.748607635498047,2.072402000427246,0.10351000726222992,5.748607635498047,30.072402000427246,0.10351000726222992,28
