Original_X,Original_Y,Original_Z,Adjusted_X,Adjusted_Y,Adjusted_Z,Slice_Index
-53.14126205444336,-1.5622789859771729,0.1278499811887741,-53.14126205444336,7.437721014022827,0.1278499811887741,9
-53.08333206176758,-1.5982980728149414,0.1278899759054184,-53.08333206176758,7.401701927185059,0.1278899759054184,9
-53.06146240234375,-1.601720929145813,0.12871001660823822,-53.06146240234375,7.398279070854187,0.12871001660823822,9
-53.125274658203125,-1.6874566078186035,0.0808200091123581,-53.125274658203125,7.3125433921813965,0.0808200091123581,9
-53.161258697509766,-1.7196637392044067,0.1292000263929367,-53.161258697509766,7.280336260795593,0.1292000263929367,9
-53.073116302490234,-1.7242604494094849,0.08137999475002289,-53.073116302490234,7.275739550590515,0.08137999475002289,9
