Original_X,Original_Y,Original_Z,Adjusted_X,Adjusted_Y,Adjusted_Z,Slice_Index
-51.93433380126953,-2.16279935836792,0.1327599734067917,-51.93433380126953,3.83720064163208,0.1327599734067917,6
-51.948055267333984,-2.1729307174682617,0.13213001191616058,-51.948055267333984,3.8270692825317383,0.13213001191616058,6
-51.90712356567383,-2.1864705085754395,0.13227997720241547,-51.90712356567383,3.8135294914245605,0.13227997720241547,6
