Original_X,Original_Y,Original_Z,Adjusted_X,Adjusted_Y,Adjusted_Z,Slice_Index
-57.95978927612305,2.1640570163726807,0.07710002362728119,-57.95978927612305,30.16405701637268,0.07710002362728119,28
-57.947322845458984,2.156663656234741,0.07705001533031464,-57.947322845458984,30.15666365623474,0.07705001533031464,28
-57.824501037597656,2.200896978378296,0.08679001033306122,-57.824501037597656,30.200896978378296,0.08679001033306122,28
-57.963985443115234,2.137078046798706,0.07771997153759003,-57.963985443115234,30.137078046798706,0.07771997153759003,28
-57.82002258300781,2.1806721687316895,0.08689998090267181,-57.82002258300781,30.18067216873169,0.08689998090267181,28
-57.86483383178711,2.1201207637786865,0.0774800032377243,-57.86483383178711,30.120120763778687,0.0774800032377243,28
-57.85348129272461,2.112483263015747,0.07723002135753632,-57.85348129272461,30.112483263015747,0.07723002135753632,28
-57.896568298339844,2.06603741645813,0.07242999970912933,-57.896568298339844,30.06603741645813,0.07242999970912933,28
