Original_X,Original_Y,Original_Z,Adjusted_X,Adjusted_Y,Adjusted_Z,Slice_Index
-1.5744132995605469,0.596937894821167,0.10079000890254974,-1.5744132995605469,20.596937894821167,0.10079000890254974,20
-1.5253334045410156,0.5991975665092468,0.10112999379634857,-1.5253334045410156,20.599197566509247,0.10112999379634857,20
-1.4779090881347656,0.6120696067810059,0.10137997567653656,-1.4779090881347656,20.612069606781006,0.10137997567653656,20
-1.4256706237792969,0.45533034205436707,0.10046999156475067,-1.4256706237792969,20.455330342054367,0.10046999156475067,20
-1.4425811767578125,0.43785083293914795,0.1008400171995163,-1.4425811767578125,20.437850832939148,0.1008400171995163,20
-1.4559440612792969,0.6161090135574341,0.10140000283718109,-1.4559440612792969,20.616109013557434,0.10140000283718109,20
