Original_X,Original_Y,Original_Z,Adjusted_X,Adjusted_Y,Adjusted_Z,Slice_Index
10.468158721923828,2.2031521797180176,0.10158000886440277,10.468158721923828,30.203152179718018,0.10158000886440277,28
10.493904113769531,2.15781307220459,0.10538999736309052,10.493904113769531,30.15781307220459,0.10538999736309052,28
10.517448425292969,2.1562087535858154,0.10493998229503632,10.517448425292969,30.156208753585815,0.10493998229503632,28
10.546035766601562,2.147156238555908,0.10478000342845917,10.546035766601562,30.147156238555908,0.10478000342845917,28
10.614643096923828,2.1735951900482178,0.0995899885892868,10.614643096923828,30.173595190048218,0.0995899885892868,28
10.580467224121094,2.1281533241271973,0.10493998229503632,10.580467224121094,30.128153324127197,0.10493998229503632,28
10.566444396972656,2.1093151569366455,0.10032002627849579,10.566444396972656,30.109315156936646,0.10032002627849579,28
10.513282775878906,2.0802550315856934,0.10018996894359589,10.513282775878906,30.080255031585693,0.10018996894359589,28
10.4886474609375,2.05306339263916,0.10053996741771698,10.4886474609375,30.05306339263916,0.10053996741771698,28
