Original_X,Original_Y,Original_Z,Adjusted_X,Adjusted_Y,Adjusted_Z,Slice_Index
-54.308414459228516,-1.099869728088379,0.12612001597881317,-54.308414459228516,10.900130271911621,0.12612001597881317,12
-54.258792877197266,-1.0862393379211426,0.12765000760555267,-54.258792877197266,10.913760662078857,0.12765000760555267,12
-54.2867317199707,-1.1225405931472778,0.12581001222133636,-54.2867317199707,10.877459406852722,0.12581001222133636,12
-54.20062255859375,-1.1141464710235596,0.12752000987529755,-54.20062255859375,10.88585352897644,0.12752000987529755,12
-54.22858810424805,-1.1344306468963623,0.12647996842861176,-54.22858810424805,10.865569353103638,0.12647996842861176,12
-54.18442916870117,-1.1253880262374878,0.1275700181722641,-54.18442916870117,10.874611973762512,0.1275700181722641,12
