Original_X,Original_Y,Original_Z,Adjusted_X,Adjusted_Y,Adjusted_Z,Slice_Index
-2.6088829040527344,-1.1587895154953003,0.1022299975156784,-2.6088829040527344,10.8412104845047,0.1022299975156784,12
