Original_X,Original_Y,Original_Z,Adjusted_X,Adjusted_Y,Adjusted_Z,Slice_Index
-59.01377868652344,0.5994099378585815,0.07500998675823212,-59.01377868652344,20.59940993785858,0.07500998675823212,20
-59.063262939453125,0.5507032871246338,0.11708001792430878,-59.063262939453125,20.550703287124634,0.11708001792430878,20
-59.163047790527344,0.5045015811920166,0.1163099855184555,-59.163047790527344,20.504501581192017,0.1163099855184555,20
-59.01799011230469,0.5551499128341675,0.11677001416683197,-59.01799011230469,20.555149912834167,0.11677001416683197,20
-59.13751983642578,0.46943092346191406,0.0743899792432785,-59.13751983642578,20.469430923461914,0.0743899792432785,20
-59.10432434082031,0.4720824956893921,0.0740799754858017,-59.10432434082031,20.472082495689392,0.0740799754858017,20
-59.088478088378906,0.44747376441955566,0.07457999885082245,-59.088478088378906,20.447473764419556,0.07457999885082245,20
-59.021583557128906,0.4278956949710846,0.07461999356746674,-59.021583557128906,20.427895694971085,0.07461999356746674,20
