Original_X,Original_Y,Original_Z,Adjusted_X,Adjusted_Y,Adjusted_Z,Slice_Index
-19.495262145996094,-0.035060226917266846,0.09417001903057098,-19.495262145996094,16.964939773082733,0.09417001903057098,17
-19.488685607910156,-0.11003754287958145,0.09632997214794159,-19.488685607910156,16.88996245712042,0.09632997214794159,17
-19.449932098388672,-0.1339406818151474,0.0973999947309494,-19.449932098388672,16.866059318184853,0.0973999947309494,17
-19.502593994140625,-0.15981458127498627,0.09772001206874847,-19.502593994140625,16.840185418725014,0.09772001206874847,17
-19.383594512939453,-0.049486055970191956,0.09523998200893402,-19.383594512939453,16.950513944029808,0.09523998200893402,17
-19.388118743896484,-0.11112495511770248,0.09706000983715057,-19.388118743896484,16.888875044882298,0.09706000983715057,17
