Original_X,Original_Y,Original_Z,Adjusted_X,Adjusted_Y,Adjusted_Z,Slice_Index
14.120857238769531,-2.604085683822632,0.16238002479076385,14.120857238769531,1.3959143161773682,0.16238002479076385,4
14.130760192871094,-2.623258352279663,0.14034996926784515,14.130760192871094,1.376741647720337,0.14034996926784515,4
14.121940612792969,-2.652073383331299,0.1617399901151657,14.121940612792969,1.3479266166687012,0.1617399901151657,4
14.120845794677734,-2.663782835006714,0.14420001208782196,14.120845794677734,1.3362171649932861,0.14420001208782196,4
14.120494842529297,-2.7094075679779053,0.1481199711561203,14.120494842529297,1.2905924320220947,0.1481199711561203,4
14.10788345336914,-2.723493814468384,0.11594001948833466,14.10788345336914,1.2765061855316162,0.11594001948833466,4
14.120952606201172,-2.7419376373291016,0.1582699865102768,14.120952606201172,1.2580623626708984,0.1582699865102768,4
