Original_X,Original_Y,Original_Z,Adjusted_X,Adjusted_Y,Adjusted_Z,Slice_Index
14.105762481689453,-1.6828690767288208,0.10590998828411102,14.105762481689453,7.317130923271179,0.10590998828411102,9
14.117107391357422,-1.7040925025939941,0.15895996987819672,14.117107391357422,7.295907497406006,0.15895996987819672,9
14.107048034667969,-1.7137783765792847,0.1129399985074997,14.107048034667969,7.286221623420715,0.1129399985074997,9
14.117664337158203,-1.7288323640823364,0.15838001668453217,14.117664337158203,7.271167635917664,0.15838001668453217,9
14.119609832763672,-1.7514816522598267,0.15830998122692108,14.119609832763672,7.248518347740173,0.15830998122692108,9
14.10677719116211,-1.5702530145645142,0.10339002311229706,14.10677719116211,7.429746985435486,0.10339002311229706,9
14.116287231445312,-1.5936014652252197,0.16075997054576874,14.116287231445312,7.40639853477478,0.16075997054576874,9
