Original_X,Original_Y,Original_Z,Adjusted_X,Adjusted_Y,Adjusted_Z,Slice_Index
3.4050636291503906,1.175194501876831,0.12240998446941376,3.4050636291503906,24.17519450187683,0.12240998446941376,23
3.372509002685547,1.153400182723999,0.10229001939296722,3.372509002685547,24.153400182724,0.10229001939296722,23
3.3976898193359375,1.1624218225479126,0.10238997638225555,3.3976898193359375,24.162421822547913,0.10238997638225555,23
3.3965606689453125,1.1521360874176025,0.10265998542308807,3.3965606689453125,24.152136087417603,0.10265998542308807,23
3.3255386352539062,1.113657832145691,0.10274998843669891,3.3255386352539062,24.11365783214569,0.10274998843669891,23
3.4155845642089844,1.093828797340393,0.10742001235485077,3.4155845642089844,24.093828797340393,0.10742001235485077,23
