Original_X,Original_Y,Original_Z,Adjusted_X,Adjusted_Y,Adjusted_Z,Slice_Index
-5.172687530517578,-1.2048187255859375,0.13877998292446136,-5.172687530517578,9.795181274414062,0.13877998292446136,11
-5.072101593017578,-1.267538070678711,0.10106997191905975,-5.072101593017578,9.732461929321289,0.10106997191905975,11
-4.996273040771484,-1.2392771244049072,0.10066001117229462,-4.996273040771484,9.760722875595093,0.10066001117229462,11
-5.162330627441406,-1.3246322870254517,0.13898997008800507,-5.162330627441406,9.675367712974548,0.13898997008800507,11
-4.993247985839844,-1.2851078510284424,0.10213999450206757,-4.993247985839844,9.714892148971558,0.10213999450206757,11
