Original_X,Original_Y,Original_Z,Adjusted_X,Adjusted_Y,Adjusted_Z,Slice_Index
-2.689281463623047,0.20015627145767212,0.0993800014257431,-2.689281463623047,18.200156271457672,0.0993800014257431,18
-2.663379669189453,0.20934563875198364,0.09939996898174286,-2.663379669189453,18.209345638751984,0.09939996898174286,18
-2.7550315856933594,0.169855996966362,0.0994899719953537,-2.7550315856933594,18.169855996966362,0.0994899719953537,18
-2.641643524169922,0.20366978645324707,0.09988002479076385,-2.641643524169922,18.203669786453247,0.09988002479076385,18
-2.733013153076172,0.07944196462631226,0.09651999175548553,-2.733013153076172,18.079441964626312,0.09651999175548553,18
-2.702972412109375,0.07785414904356003,0.09693001210689545,-2.702972412109375,18.07785414904356,0.09693001210689545,18
-2.6693687438964844,0.0844515860080719,0.09728001058101654,-2.6693687438964844,18.084451586008072,0.09728001058101654,18
-2.5970497131347656,0.09942865371704102,0.09746001660823822,-2.5970497131347656,18.09942865371704,0.09746001660823822,18
-2.6104202270507812,0.08723673969507217,0.09773997962474823,-2.6104202270507812,18.087236739695072,0.09773997962474823,18
