Original_X,Original_Y,Original_Z,Adjusted_X,Adjusted_Y,Adjusted_Z,Slice_Index
-35.0077018737793,0.5172049403190613,0.12828998267650604,-35.0077018737793,20.51720494031906,0.12828998267650604,20
-35.08418655395508,0.4740939140319824,0.0870399922132492,-35.08418655395508,20.474093914031982,0.0870399922132492,20
-35.02304458618164,0.48959481716156006,0.08653001487255096,-35.02304458618164,20.48959481716156,0.08653001487255096,20
-35.07075119018555,0.46639904379844666,0.08681999146938324,-35.07075119018555,20.466399043798447,0.08681999146938324,20
