Original_X,Original_Y,Original_Z,Adjusted_X,Adjusted_Y,Adjusted_Z,Slice_Index
-17.134010314941406,0.9547582864761353,0.10119996964931488,-17.134010314941406,20.954758286476135,0.10119996964931488,22
-17.130722045898438,0.9197094440460205,0.10185001790523529,-17.130722045898438,20.91970944404602,0.10185001790523529,22
-17.07448959350586,0.8878833055496216,0.10175000131130219,-17.07448959350586,20.88788330554962,0.10175000131130219,22
-17.084884643554688,0.8690745234489441,0.10219000279903412,-17.084884643554688,20.869074523448944,0.10219000279903412,22
-17.082950592041016,0.8486184477806091,0.10269002616405487,-17.082950592041016,20.84861844778061,0.10269002616405487,22
