Original_X,Original_Y,Original_Z,Adjusted_X,Adjusted_Y,Adjusted_Z,Slice_Index
11.686656951904297,-0.839735746383667,0.10071001946926117,11.686656951904297,12.160264253616333,0.10071001946926117,13
11.680774688720703,-0.8653340935707092,0.10128001868724823,11.680774688720703,12.13466590642929,0.10128001868724823,13
11.702625274658203,-0.8991577625274658,0.10220997035503387,11.702625274658203,12.100842237472534,0.10220997035503387,13
11.628337860107422,-0.9336101412773132,0.10238002240657806,11.628337860107422,12.066389858722687,0.10238002240657806,13
11.671001434326172,-0.9282733798027039,0.10260997712612152,11.671001434326172,12.071726620197296,0.10260997712612152,13
