Original_X,Original_Y,Original_Z,Adjusted_X,Adjusted_Y,Adjusted_Z,Slice_Index
10.446479797363281,0.7592839598655701,0.10641001164913177,10.446479797363281,21.75928395986557,0.10641001164913177,21
10.424598693847656,0.744109570980072,0.14197002351284027,10.424598693847656,21.744109570980072,0.14197002351284027,21
10.613880157470703,0.8207311034202576,0.10151998698711395,10.613880157470703,21.820731103420258,0.10151998698711395,21
10.596893310546875,0.8004740476608276,0.10175000131130219,10.596893310546875,21.800474047660828,0.10175000131130219,21
10.494842529296875,0.738074541091919,0.10184000432491302,10.494842529296875,21.73807454109192,0.10184000432491302,21
10.561180114746094,0.7435594201087952,0.10529999434947968,10.561180114746094,21.743559420108795,0.10529999434947968,21
10.554832458496094,0.7231371998786926,0.10589997470378876,10.554832458496094,21.723137199878693,0.10589997470378876,21
10.457992553710938,0.6813725233078003,0.1028899997472763,10.457992553710938,21.6813725233078,0.1028899997472763,21
