Original_X,Original_Y,Original_Z,Adjusted_X,Adjusted_Y,Adjusted_Z,Slice_Index
-0.3614959716796875,1.2177551984786987,0.10160999000072479,-0.3614959716796875,24.2177551984787,0.10160999000072479,23
-0.3657569885253906,1.189395785331726,0.10208998620510101,-0.3657569885253906,24.189395785331726,0.10208998620510101,23
-0.2889556884765625,1.0960259437561035,0.10044001042842865,-0.2889556884765625,24.096025943756104,0.10044001042842865,23
-0.273590087890625,1.0990437269210815,0.10054998099803925,-0.273590087890625,24.09904372692108,0.10054998099803925,23
