Original_X,Original_Y,Original_Z,Adjusted_X,Adjusted_Y,Adjusted_Z,Slice_Index
-9.940994262695312,1.5692893266677856,0.1389400213956833,-9.940994262695312,26.569289326667786,0.1389400213956833,25
-9.899456024169922,1.5673108100891113,0.13933001458644867,-9.899456024169922,26.56731081008911,0.13933001458644867,25
-9.918815612792969,1.5394871234893799,0.0982000082731247,-9.918815612792969,26.53948712348938,0.0982000082731247,25
-9.800949096679688,1.5802083015441895,0.14093999564647675,-9.800949096679688,26.58020830154419,0.14093999564647675,25
-9.888320922851562,1.5428389310836792,0.0986500233411789,-9.888320922851562,26.54283893108368,0.0986500233411789,25
-9.855274200439453,1.5234999656677246,0.09949998557567596,-9.855274200439453,26.523499965667725,0.09949998557567596,25
-9.811420440673828,1.4897295236587524,0.10428999364376068,-9.811420440673828,26.489729523658752,0.10428999364376068,25
-9.807483673095703,1.471811056137085,0.10474000871181488,-9.807483673095703,26.471811056137085,0.10474000871181488,25
-9.79046630859375,1.4647761583328247,0.10458998382091522,-9.79046630859375,26.464776158332825,0.10458998382091522,25
