Original_X,Original_Y,Original_Z,Adjusted_X,Adjusted_Y,Adjusted_Z,Slice_Index
11.653404235839844,2.8309967517852783,0.10409002006053925,11.653404235839844,32.83099675178528,0.10409002006053925,31
11.757987976074219,2.8152401447296143,0.16668997704982758,11.757987976074219,32.815240144729614,0.16668997704982758,31
11.673774719238281,2.7640252113342285,0.10931997001171112,11.673774719238281,32.76402521133423,0.10931997001171112,31
11.752944946289062,2.7960829734802246,0.17208002507686615,11.752944946289062,32.796082973480225,0.17208002507686615,31
11.803424835205078,2.8043434619903564,0.1101599782705307,11.803424835205078,32.804343461990356,0.1101599782705307,31
11.786762237548828,2.789163827896118,0.1623300164937973,11.786762237548828,32.78916382789612,0.1623300164937973,31
11.713523864746094,2.75593638420105,0.10882000625133514,11.713523864746094,32.75593638420105,0.10882000625133514,31
11.750919342041016,2.7219793796539307,0.15657000243663788,11.750919342041016,32.72197937965393,0.15657000243663788,31
11.646575927734375,2.673870086669922,0.10839997231960297,11.646575927734375,32.67387008666992,0.10839997231960297,31
11.777706146240234,2.7235255241394043,0.10876999795436859,11.777706146240234,32.723525524139404,0.10876999795436859,31
11.670063018798828,2.675283670425415,0.10792998969554901,11.670063018798828,32.675283670425415,0.10792998969554901,31
11.75722885131836,2.704784870147705,0.14756999909877777,11.75722885131836,32.704784870147705,0.14756999909877777,31
11.751270294189453,2.6530721187591553,0.14490000903606415,11.751270294189453,32.653072118759155,0.14490000903606415,31
11.752853393554688,2.646573066711426,0.1073400229215622,11.752853393554688,32.646573066711426,0.1073400229215622,31
11.776077270507812,2.6477367877960205,0.1398100107908249,11.776077270507812,32.64773678779602,0.1398100107908249,31
11.758899688720703,2.6374850273132324,0.10746000707149506,11.758899688720703,32.63748502731323,0.10746000707149506,31
11.765068054199219,2.6377320289611816,0.10733000934123993,11.765068054199219,32.63773202896118,0.10733000934123993,31
