Original_X,Original_Y,Original_Z,Adjusted_X,Adjusted_Y,Adjusted_Z,Slice_Index
-50.71426010131836,-3.1376686096191406,0.14065001904964447,-50.71426010131836,-1.1376686096191406,0.14065001904964447,2
-50.70048141479492,-2.9838242530822754,0.13002000749111176,-50.70048141479492,-0.9838242530822754,0.13002000749111176,2
-50.706912994384766,-3.0702173709869385,0.08277998864650726,-50.706912994384766,-1.0702173709869385,0.08277998864650726,2
-50.721282958984375,-3.0783309936523438,0.08284001052379608,-50.721282958984375,-1.0783309936523438,0.08284001052379608,2
-50.604576110839844,-3.0490992069244385,0.12177000939846039,-50.604576110839844,-1.0490992069244385,0.12177000939846039,2
-50.69435119628906,-3.0871801376342773,0.14179997146129608,-50.69435119628906,-1.0871801376342773,0.14179997146129608,2
-50.68210220336914,-3.107922077178955,0.1413400024175644,-50.68210220336914,-1.107922077178955,0.1413400024175644,2
