Original_X,Original_Y,Original_Z,Adjusted_X,Adjusted_Y,Adjusted_Z,Slice_Index
-2.6978797912597656,-1.5833990573883057,0.15264998376369476,-2.6978797912597656,7.416600942611694,0.15264998376369476,9
-2.6707496643066406,-1.6283495426177979,0.1532900184392929,-2.6707496643066406,7.371650457382202,0.1532900184392929,9
-2.6537857055664062,-1.638370394706726,0.15276001393795013,-2.6537857055664062,7.361629605293274,0.15276001393795013,9
-2.7603111267089844,-1.7502690553665161,0.1036599725484848,-2.7603111267089844,7.249730944633484,0.1036599725484848,9
-2.6125030517578125,-1.6993019580841064,0.15243999660015106,-2.6125030517578125,7.3006980419158936,0.15243999660015106,9
