Original_X,Original_Y,Original_Z,Adjusted_X,Adjusted_Y,Adjusted_Z,Slice_Index
-6.311614990234375,-0.8560007214546204,0.14127002656459808,-6.311614990234375,12.14399927854538,0.14127002656459808,13
-6.267326354980469,-0.8706962466239929,0.14118997752666473,-6.267326354980469,12.129303753376007,0.14118997752666473,13
-6.259849548339844,-0.8885110020637512,0.1405799835920334,-6.259849548339844,12.111488997936249,0.1405799835920334,13
-6.240749359130859,-0.8861231803894043,0.14083997905254364,-6.240749359130859,12.113876819610596,0.14083997905254364,13
-6.208957672119141,-0.9039021134376526,0.14045999944210052,-6.208957672119141,12.096097886562347,0.14045999944210052,13
-6.195823669433594,-0.9222103357315063,0.13989000022411346,-6.195823669433594,12.077789664268494,0.13989000022411346,13
