Original_X,Original_Y,Original_Z,Adjusted_X,Adjusted_Y,Adjusted_Z,Slice_Index
-7.563625335693359,-0.40475666522979736,0.14066998660564423,-7.563625335693359,14.595243334770203,0.14066998660564423,15
-7.494056701660156,-0.42825859785079956,0.14058999717235565,-7.494056701660156,14.5717414021492,0.14058999717235565,15
-7.4742889404296875,-0.4236764907836914,0.140950009226799,-7.4742889404296875,14.576323509216309,0.140950009226799,15
-7.424037933349609,-0.44550251960754395,0.1406800001859665,-7.424037933349609,14.554497480392456,0.1406800001859665,15
-7.378822326660156,-0.46142515540122986,0.140439972281456,-7.378822326660156,14.53857484459877,0.140439972281456,15
-7.53350830078125,-0.5504357814788818,0.14038001000881195,-7.53350830078125,14.449564218521118,0.14038001000881195,15
