Original_X,Original_Y,Original_Z,Adjusted_X,Adjusted_Y,Adjusted_Z,Slice_Index
-8.76455307006836,0.20300032198429108,0.14073000848293304,-8.76455307006836,18.20300032198429,0.14073000848293304,18
-8.757953643798828,0.16929954290390015,0.13955996930599213,-8.757953643798828,18.1692995429039,0.13955996930599213,18
-8.698619842529297,0.16142086684703827,0.13960997760295868,-8.698619842529297,18.16142086684704,0.13960997760295868,18
-8.750511169433594,0.1046590507030487,0.1365399807691574,-8.750511169433594,18.10465905070305,0.1365399807691574,18
-8.703353881835938,0.1158754974603653,0.1375499814748764,-8.703353881835938,18.115875497460365,0.1375499814748764,18
-8.741928100585938,0.04851285368204117,0.13456998765468597,-8.741928100585938,18.04851285368204,0.13456998765468597,18
-8.650680541992188,0.0698559507727623,0.13609997928142548,-8.650680541992188,18.069855950772762,0.13609997928142548,18
-8.584152221679688,0.04519018158316612,0.13594000041484833,-8.584152221679688,18.045190181583166,0.13594000041484833,18
