Original_X,Original_Y,Original_Z,Adjusted_X,Adjusted_Y,Adjusted_Z,Slice_Index
-62.591224670410156,1.3882200717926025,0.11723999679088593,-62.591224670410156,25.388220071792603,0.11723999679088593,24
-62.70496368408203,1.312754511833191,0.08190999925136566,-62.70496368408203,25.31275451183319,0.08190999925136566,24
-62.619171142578125,1.3478704690933228,0.11565999686717987,-62.619171142578125,25.347870469093323,0.11565999686717987,24
-62.64885711669922,1.32937490940094,0.11567001044750214,-62.64885711669922,25.32937490940094,0.11567001044750214,24
-62.717384338378906,1.2986938953399658,0.11507998406887054,-62.717384338378906,25.298693895339966,0.11507998406887054,24
-62.61045837402344,1.3414337635040283,0.11541996896266937,-62.61045837402344,25.34143376350403,0.11541996896266937,24
-62.68494415283203,1.3091726303100586,0.11511002480983734,-62.68494415283203,25.30917263031006,0.11511002480983734,24
-62.689674377441406,1.296769380569458,0.08205001056194305,-62.689674377441406,25.296769380569458,0.08205001056194305,24
-62.62176513671875,1.2533131837844849,0.07253997027873993,-62.62176513671875,25.253313183784485,0.07253997027873993,24
