Original_X,Original_Y,Original_Z,Adjusted_X,Adjusted_Y,Adjusted_Z,Slice_Index
-51.92281723022461,-1.21934974193573,0.12950001657009125,-51.92281723022461,9.78065025806427,0.12950001657009125,11
-51.92213439941406,-1.2460055351257324,0.1287500113248825,-51.92213439941406,9.753994464874268,0.1287500113248825,11
-51.852943420410156,-1.2266838550567627,0.13057999312877655,-51.852943420410156,9.773316144943237,0.13057999312877655,11
-51.974937438964844,-1.2939541339874268,0.08171002566814423,-51.974937438964844,9.706045866012573,0.08171002566814423,11
-51.85392379760742,-1.2569411993026733,0.1296599954366684,-51.85392379760742,9.743058800697327,0.1296599954366684,11
-51.84308624267578,-1.2693288326263428,0.1293799728155136,-51.84308624267578,9.730671167373657,0.1293799728155136,11
-51.942298889160156,-1.3370033502578735,0.08237998187541962,-51.942298889160156,9.662996649742126,0.08237998187541962,11
-51.816104888916016,-1.3331726789474487,0.08196000754833221,-51.816104888916016,9.666827321052551,0.08196000754833221,11
-51.81147003173828,-1.346439242362976,0.0821099728345871,-51.81147003173828,9.653560757637024,0.0821099728345871,11
