Original_X,Original_Y,Original_Z,Adjusted_X,Adjusted_Y,Adjusted_Z,Slice_Index
14.114700317382812,1.5716086626052856,0.11303000152111053,14.114700317382812,26.571608662605286,0.11303000152111053,25
14.112545013427734,1.5239369869232178,0.10797999799251556,14.112545013427734,26.523936986923218,0.10797999799251556,25
14.115734100341797,1.4885238409042358,0.10904000699520111,14.115734100341797,26.488523840904236,0.10904000699520111,25
