Original_X,Original_Y,Original_Z,Adjusted_X,Adjusted_Y,Adjusted_Z,Slice_Index
-0.34690093994140625,2.1080262660980225,0.10041998326778412,-0.34690093994140625,29.108026266098022,0.10041998326778412,28
-0.20888900756835938,2.162523031234741,0.1011599749326706,-0.20888900756835938,29.16252303123474,0.1011599749326706,28
-0.31402587890625,2.118391752243042,0.10074000060558319,-0.31402587890625,29.118391752243042,0.10074000060558319,28
-0.2872467041015625,2.1184628009796143,0.10133998095989227,-0.2872467041015625,29.118462800979614,0.10133998095989227,28
