Original_X,Original_Y,Original_Z,Adjusted_X,Adjusted_Y,Adjusted_Z,Slice_Index
2.080394744873047,0.17926736176013947,0.10611002147197723,2.080394744873047,18.17926736176014,0.10611002147197723,18
2.124664306640625,0.17003074288368225,0.10595999658107758,2.124664306640625,18.170030742883682,0.10595999658107758,18
2.1449813842773438,0.14522697031497955,0.10617999732494354,2.1449813842773438,18.14522697031498,0.10617999732494354,18
2.0896072387695312,0.10327097028493881,0.09974996745586395,2.0896072387695312,18.10327097028494,0.09974996745586395,18
2.1237030029296875,0.10970328748226166,0.100040003657341,2.1237030029296875,18.10970328748226,0.100040003657341,18
2.0741729736328125,0.07849977910518646,0.10339997708797455,2.0741729736328125,18.078499779105186,0.10339997708797455,18
2.2059097290039062,0.12631791830062866,0.10579000413417816,2.2059097290039062,18.12631791830063,0.10579000413417816,18
2.116596221923828,0.05727703124284744,0.10317002236843109,2.116596221923828,18.057277031242847,0.10317002236843109,18
