Original_X,Original_Y,Original_Z,Adjusted_X,Adjusted_Y,Adjusted_Z,Slice_Index
-20.765064239501953,-2.4388487339019775,0.14608000218868256,-20.765064239501953,2.5611512660980225,0.14608000218868256,5
-20.75741195678711,-2.4655423164367676,0.14573000371456146,-20.75741195678711,2.5344576835632324,0.14573000371456146,5
-20.734764099121094,-2.476600408554077,0.14614997804164886,-20.734764099121094,2.523399591445923,0.14614997804164886,5
-20.731067657470703,-2.476097345352173,0.09780000150203705,-20.731067657470703,2.523902654647827,0.09780000150203705,5
-20.734046936035156,-2.5311126708984375,0.14514999091625214,-20.734046936035156,2.4688873291015625,0.14514999091625214,5
-20.69814682006836,-2.5175247192382812,0.1458600014448166,-20.69814682006836,2.4824752807617188,0.1458600014448166,5
