Original_X,Original_Y,Original_Z,Adjusted_X,Adjusted_Y,Adjusted_Z,Slice_Index
-2.747486114501953,-1.1729305982589722,0.1514900177717209,-2.747486114501953,9.827069401741028,0.1514900177717209,11
