Original_X,Original_Y,Original_Z,Adjusted_X,Adjusted_Y,Adjusted_Z,Slice_Index
6.972419738769531,-1.3962006568908691,0.14316998422145844,6.972419738769531,8.60379934310913,0.14316998422145844,10
6.8741607666015625,-1.448305606842041,0.13858000934123993,6.8741607666015625,8.551694393157959,0.13858000934123993,10
6.897006988525391,-1.4409561157226562,0.13832996785640717,6.897006988525391,8.559043884277344,0.13832996785640717,10
6.998691558837891,-1.4124782085418701,0.14298997819423676,6.998691558837891,8.58752179145813,0.14298997819423676,10
6.927101135253906,-1.4840943813323975,0.1446400135755539,6.927101135253906,8.515905618667603,0.1446400135755539,10
6.956111907958984,-1.504704236984253,0.14424000680446625,6.956111907958984,8.495295763015747,0.14424000680446625,10
6.96270751953125,-1.5186406373977661,0.1437700241804123,6.96270751953125,8.481359362602234,0.1437700241804123,10
6.984710693359375,-1.5282864570617676,0.14380000531673431,6.984710693359375,8.471713542938232,0.14380000531673431,10
6.955787658691406,-1.5505462884902954,0.1382400244474411,6.955787658691406,8.449453711509705,0.1382400244474411,10
