Original_X,Original_Y,Original_Z,Adjusted_X,Adjusted_Y,Adjusted_Z,Slice_Index
-5.070770263671875,-3.1859443187713623,0.13718996942043304,-5.070770263671875,-2.1859443187713623,0.13718996942043304,1
-5.098773956298828,-3.2058839797973633,0.16515998542308807,-5.098773956298828,-2.2058839797973633,0.16515998542308807,1
-5.163272857666016,-3.235048770904541,0.10452000796794891,-5.163272857666016,-2.235048770904541,0.10452000796794891,1
-5.148792266845703,-3.2459259033203125,0.10462002456188202,-5.148792266845703,-2.2459259033203125,0.10462002456188202,1
-5.110080718994141,-3.2332851886749268,0.10459999740123749,-5.110080718994141,-2.2332851886749268,0.10459999740123749,1
-5.099700927734375,-3.2797815799713135,0.1644899696111679,-5.099700927734375,-2.2797815799713135,0.1644899696111679,1
-5.148494720458984,-3.304875612258911,0.13530997931957245,-5.148494720458984,-2.304875612258911,0.13530997931957245,1
-5.100616455078125,-3.3496129512786865,0.16391001641750336,-5.100616455078125,-2.3496129512786865,0.16391001641750336,1
-4.979095458984375,-3.3187553882598877,0.135110005736351,-4.979095458984375,-2.3187553882598877,0.135110005736351,1
