Original_X,Original_Y,Original_Z,Adjusted_X,Adjusted_Y,Adjusted_Z,Slice_Index
-60.212318420410156,2.5700714588165283,0.07599000632762909,-60.212318420410156,32.57007145881653,0.07599000632762909,30
-60.320655822753906,2.47900652885437,0.07561002671718597,-60.320655822753906,32.47900652885437,0.07561002671718597,30
-60.254608154296875,2.4797523021698,0.07117001712322235,-60.254608154296875,32.4797523021698,0.07117001712322235,30
-60.22199249267578,2.4875214099884033,0.07158999145030975,-60.22199249267578,32.4875214099884,0.07158999145030975,30
-60.310760498046875,2.4504618644714355,0.07635001838207245,-60.310760498046875,32.450461864471436,0.07635001838207245,30
