Original_X,Original_Y,Original_Z,Adjusted_X,Adjusted_Y,Adjusted_Z,Slice_Index
-20.613689422607422,-0.5844739079475403,0.0986199826002121,-20.613689422607422,13.41552609205246,0.0986199826002121,14
-20.692691802978516,-0.7519053220748901,0.09751997888088226,-20.692691802978516,13.24809467792511,0.09751997888088226,14
-20.584274291992188,-0.7286167740821838,0.09745000302791595,-20.584274291992188,13.271383225917816,0.09745000302791595,14
