Original_X,Original_Y,Original_Z,Adjusted_X,Adjusted_Y,Adjusted_Z,Slice_Index
12.860542297363281,2.021013021469116,0.12345997989177704,12.860542297363281,21.021013021469116,0.12345997989177704,27
12.864540100097656,2.001107692718506,0.11401002109050751,12.864540100097656,21.001107692718506,0.11401002109050751,27
12.863216400146484,1.9617027044296265,0.1205100268125534,12.863216400146484,20.961702704429626,0.1205100268125534,27
12.86813735961914,1.9268110990524292,0.12552998960018158,12.86813735961914,20.92681109905243,0.12552998960018158,27
12.869468688964844,1.9164735078811646,0.1253800243139267,12.869468688964844,20.916473507881165,0.1253800243139267,27
12.865066528320312,1.912432312965393,0.1123499721288681,12.865066528320312,20.912432312965393,0.1123499721288681,27
12.863128662109375,1.848842740058899,0.11475001275539398,12.863128662109375,20.8488427400589,0.11475001275539398,27
13.01315689086914,1.8581583499908447,0.10484002530574799,13.01315689086914,20.858158349990845,0.10484002530574799,27
13.017627716064453,1.837249755859375,0.09747998416423798,13.017627716064453,20.837249755859375,0.09747998416423798,27
