Original_X,Original_Y,Original_Z,Adjusted_X,Adjusted_Y,Adjusted_Z,Slice_Index
-9.973953247070312,-0.8635292053222656,0.09997998178005219,-9.973953247070312,12.136470794677734,0.09997998178005219,13
-9.891475677490234,-0.8479616045951843,0.14000998437404633,-9.891475677490234,12.152038395404816,0.14000998437404633,13
-9.91048812866211,-0.8592865467071533,0.10046999156475067,-9.91048812866211,12.140713453292847,0.10046999156475067,13
-9.874614715576172,-0.8508824706077576,0.14023999869823456,-9.874614715576172,12.149117529392242,0.14023999869823456,13
-9.916770935058594,-0.8728415966033936,0.10083000361919403,-9.916770935058594,12.127158403396606,0.10083000361919403,13
-9.82440185546875,-0.8662304282188416,0.1400499790906906,-9.82440185546875,12.133769571781158,0.1400499790906906,13
-9.816322326660156,-0.8713687658309937,0.10130999982357025,-9.816322326660156,12.128631234169006,0.10130999982357025,13
-9.793132781982422,-0.886044979095459,0.13969998061656952,-9.793132781982422,12.113955020904541,0.13969998061656952,13
