Original_X,Original_Y,Original_Z,Adjusted_X,Adjusted_Y,Adjusted_Z,Slice_Index
5.636772155761719,1.8452343940734863,0.10343001782894135,5.636772155761719,28.845234394073486,0.10343001782894135,27
5.640651702880859,2.023987293243408,0.10298000276088715,5.640651702880859,29.023987293243408,0.10298000276088715,27
5.676826477050781,2.0333826541900635,0.10352002084255219,5.676826477050781,29.033382654190063,0.10352002084255219,27
5.798297882080078,1.952143669128418,0.10252998769283295,5.798297882080078,28.952143669128418,0.10252998769283295,27
5.8159027099609375,1.9527342319488525,0.10276000201702118,5.8159027099609375,28.952734231948853,0.10276000201702118,27
5.741798400878906,1.9044939279556274,0.10282002389431,5.741798400878906,28.904493927955627,0.10282002389431,27
5.814170837402344,1.9194365739822388,0.1037999838590622,5.814170837402344,28.91943657398224,0.1037999838590622,27
5.774406433105469,1.8941619396209717,0.10353998839855194,5.774406433105469,28.89416193962097,0.10353998839855194,27
