Original_X,Original_Y,Original_Z,Adjusted_X,Adjusted_Y,Adjusted_Z,Slice_Index
-2.6799964904785156,-0.7220815420150757,0.10172002017498016,-2.6799964904785156,13.277918457984924,0.10172002017498016,14
-2.67254638671875,-0.7292564511299133,0.10219000279903412,-2.67254638671875,13.270743548870087,0.10219000279903412,14
