Original_X,Original_Y,Original_Z,Adjusted_X,Adjusted_Y,Adjusted_Z,Slice_Index
-17.05577850341797,-0.3899317979812622,0.1382800191640854,-17.05577850341797,14.610068202018738,0.1382800191640854,15
-17.012062072753906,-0.3961600363254547,0.13856999576091766,-17.012062072753906,14.603839963674545,0.13856999576091766,15
-17.038299560546875,-0.4088006615638733,0.13776998221874237,-17.038299560546875,14.591199338436127,0.13776998221874237,15
-16.989795684814453,-0.40191981196403503,0.13847999274730682,-16.989795684814453,14.598080188035965,0.13847999274730682,15
-17.163166046142578,-0.49697861075401306,0.09363000094890594,-17.163166046142578,14.503021389245987,0.09363000094890594,15
-17.080699920654297,-0.5144703984260559,0.1383499950170517,-17.080699920654297,14.485529601573944,0.1383499950170517,15
-17.04446792602539,-0.5170769095420837,0.13860999047756195,-17.04446792602539,14.482923090457916,0.13860999047756195,15
-16.977970123291016,-0.5367843508720398,0.13811998069286346,-16.977970123291016,14.46321564912796,0.13811998069286346,15
