Original_X,Original_Y,Original_Z,Adjusted_X,Adjusted_Y,Adjusted_Z,Slice_Index
-13.468391418457031,2.430800199508667,0.09311001002788544,-13.468391418457031,31.430800199508667,0.09311001002788544,29
-13.452247619628906,2.356450319290161,0.10149000585079193,-13.452247619628906,31.35645031929016,0.10149000585079193,29
-13.527397155761719,2.322626829147339,0.13777999579906464,-13.527397155761719,31.32262682914734,0.13777999579906464,29
-13.537090301513672,2.310939311981201,0.0946599692106247,-13.537090301513672,31.3109393119812,0.0946599692106247,29
-13.52115249633789,2.2782585620880127,0.09601996839046478,-13.52115249633789,31.278258562088013,0.09601996839046478,29
-13.443939208984375,2.307234764099121,0.1376200169324875,-13.443939208984375,31.30723476409912,0.1376200169324875,29
-13.417827606201172,2.2924273014068604,0.13728998601436615,-13.417827606201172,31.29242730140686,0.13728998601436615,29
-13.396743774414062,2.292142629623413,0.10167001187801361,-13.396743774414062,31.292142629623413,0.10167001187801361,29
