Original_X,Original_Y,Original_Z,Adjusted_X,Adjusted_Y,Adjusted_Z,Slice_Index
5.625434875488281,-2.25600004196167,0.14473997056484222,5.625434875488281,3.74399995803833,0.14473997056484222,6
5.675971984863281,-2.2381041049957275,0.14013998210430145,5.675971984863281,3.7618958950042725,0.14013998210430145,6
5.719085693359375,-2.323927879333496,0.14083997905254364,5.719085693359375,3.676072120666504,0.14083997905254364,6
5.761226654052734,-2.194835901260376,0.1397399753332138,5.761226654052734,3.805164098739624,0.1397399753332138,6
5.811714172363281,-2.1980535984039307,0.14580999314785004,5.811714172363281,3.8019464015960693,0.14580999314785004,6
5.804725646972656,-2.2588753700256348,0.15616999566555023,5.804725646972656,3.7411246299743652,0.15616999566555023,6
5.754829406738281,-2.291106700897217,0.1460699886083603,5.754829406738281,3.708893299102783,0.1460699886083603,6
5.787448883056641,-2.3075385093688965,0.13991998136043549,5.787448883056641,3.6924614906311035,0.13991998136043549,6
