Original_X,Original_Y,Original_Z,Adjusted_X,Adjusted_Y,Adjusted_Z,Slice_Index
-5.169486999511719,-2.3471925258636475,0.15237002074718475,-5.169486999511719,3.6528074741363525,0.15237002074718475,6
