Original_X,Original_Y,Original_Z,Adjusted_X,Adjusted_Y,Adjusted_Z,Slice_Index
-55.549068450927734,0.24953952431678772,0.07603000104427338,-55.549068450927734,16.249539524316788,0.07603000104427338,18
-55.54181671142578,0.232563316822052,0.07631997764110565,-55.54181671142578,16.232563316822052,0.07631997764110565,18
-55.56839370727539,0.10949208587408066,0.07490997016429901,-55.56839370727539,16.10949208587408,0.07490997016429901,18
-55.55522537231445,0.10030066221952438,0.07507000863552094,-55.55522537231445,16.100300662219524,0.07507000863552094,18
