Original_X,Original_Y,Original_Z,Adjusted_X,Adjusted_Y,Adjusted_Z,Slice_Index
-20.76375961303711,-2.0027873516082764,0.13683997094631195,-20.76375961303711,4.997212648391724,0.13683997094631195,7
-20.745216369628906,-2.0901594161987305,0.14725999534130096,-20.745216369628906,4.9098405838012695,0.14725999534130096,7
-20.721725463867188,-2.122469902038574,0.1475999802350998,-20.721725463867188,4.877530097961426,0.1475999802350998,7
