Original_X,Original_Y,Original_Z,Adjusted_X,Adjusted_Y,Adjusted_Z,Slice_Index
-51.80900573730469,-2.431426525115967,0.13297002017498016,-51.80900573730469,2.568573474884033,0.13297002017498016,5
-51.82722091674805,-2.446319341659546,0.13231001794338226,-51.82722091674805,2.553680658340454,0.13231001794338226,5
-51.80706024169922,-2.452235698699951,0.13253997266292572,-51.80706024169922,2.547764301300049,0.13253997266292572,5
