Original_X,Original_Y,Original_Z,Adjusted_X,Adjusted_Y,Adjusted_Z,Slice_Index
-59.13380432128906,-1.8365145921707153,0.07846997678279877,-59.13380432128906,6.163485407829285,0.07846997678279877,8
-59.056617736816406,-1.8142304420471191,0.0770299881696701,-59.056617736816406,6.185769557952881,0.0770299881696701,8
-58.98280334472656,-1.8155953884124756,0.1190900057554245,-58.98280334472656,6.184404611587524,0.1190900057554245,8
-59.07640838623047,-1.869299292564392,0.11792998015880585,-59.07640838623047,6.130700707435608,0.11792998015880585,8
-59.14978790283203,-1.980850100517273,0.1191999763250351,-59.14978790283203,6.019149899482727,0.1191999763250351,8
-59.08269500732422,-1.95960533618927,0.1191900223493576,-59.08269500732422,6.04039466381073,0.1191900223493576,8
-59.026214599609375,-1.9380689859390259,0.11945001780986786,-59.026214599609375,6.061931014060974,0.11945001780986786,8
-59.01509094238281,-1.9361480474472046,0.11928997933864594,-59.01509094238281,6.063851952552795,0.11928997933864594,8
-59.12152099609375,-1.9811707735061646,0.11892001330852509,-59.12152099609375,6.0188292264938354,0.11892001330852509,8
