Original_X,Original_Y,Original_Z,Adjusted_X,Adjusted_Y,Adjusted_Z,Slice_Index
-35.08549499511719,-1.9832746982574463,0.13126997649669647,-35.08549499511719,5.016725301742554,0.13126997649669647,7
-35.111167907714844,-1.9959814548492432,0.13070999085903168,-35.111167907714844,5.004018545150757,0.13070999085903168,7
-35.03285217285156,-1.9824624061584473,0.13130997121334076,-35.03285217285156,5.017537593841553,0.13130997121334076,7
-35.02750015258789,-1.9813281297683716,0.13144998252391815,-35.02750015258789,5.018671870231628,0.13144998252391815,7
-35.10846710205078,-2.0787999629974365,0.13140998780727386,-35.10846710205078,4.9212000370025635,0.13140998780727386,7
-35.05690002441406,-2.073216438293457,0.13161997497081757,-35.05690002441406,4.926783561706543,0.13161997497081757,7
-35.04640579223633,-2.0727131366729736,0.1316400021314621,-35.04640579223633,4.927286863327026,0.1316400021314621,7
-34.98360824584961,-2.074592113494873,0.13144998252391815,-34.98360824584961,4.925407886505127,0.13144998252391815,7
-35.0428352355957,-2.119398593902588,0.13970999419689178,-35.0428352355957,4.880601406097412,0.13970999419689178,7
