Original_X,Original_Y,Original_Z,Adjusted_X,Adjusted_Y,Adjusted_Z,Slice_Index
-15.900249481201172,0.5156978964805603,0.13846002519130707,-15.900249481201172,20.51569789648056,0.13846002519130707,20
-15.88827896118164,0.5151893496513367,0.13853000104427338,-15.88827896118164,20.515189349651337,0.13853000104427338,20
-15.846153259277344,0.49916672706604004,0.138140007853508,-15.846153259277344,20.49916672706604,0.138140007853508,20
