Original_X,Original_Y,Original_Z,Adjusted_X,Adjusted_Y,Adjusted_Z,Slice_Index
-56.7449951171875,-0.20933672785758972,0.07293997704982758,-56.7449951171875,15.79066327214241,0.07293997704982758,16
-56.715755462646484,-0.19969725608825684,0.07336001098155975,-56.715755462646484,15.800302743911743,0.07336001098155975,16
-56.672550201416016,-0.18871240317821503,0.07819996774196625,-56.672550201416016,15.811287596821785,0.07819996774196625,16
-56.731929779052734,-0.2151821255683899,0.11880998313426971,-56.731929779052734,15.78481787443161,0.11880998313426971,16
-56.73460388183594,-0.22712622582912445,0.11819998919963837,-56.73460388183594,15.772873774170876,0.11819998919963837,16
-56.63942337036133,-0.24286869168281555,0.079460009932518,-56.63942337036133,15.757131308317184,0.079460009932518,16
-56.72916793823242,-0.34163811802864075,0.11901997029781342,-56.72916793823242,15.65836188197136,0.11901997029781342,16
-56.70500564575195,-0.342542439699173,0.11871998012065887,-56.70500564575195,15.657457560300827,0.11871998012065887,16
-56.687583923339844,-0.3359339237213135,0.11879996955394745,-56.687583923339844,15.664066076278687,0.11879996955394745,16
