Original_X,Original_Y,Original_Z,Adjusted_X,Adjusted_Y,Adjusted_Z,Slice_Index
-51.83294677734375,0.1876630336046219,0.07829998433589935,-51.83294677734375,18.187663033604622,0.07829998433589935,18
-51.796852111816406,0.18664492666721344,0.07811997830867767,-51.796852111816406,18.186644926667213,0.07811997830867767,18
-51.831783294677734,0.1706756353378296,0.07876001298427582,-51.831783294677734,18.17067563533783,0.07876001298427582,18
-51.85383605957031,0.08708953112363815,0.0759500116109848,-51.85383605957031,18.087089531123638,0.0759500116109848,18
-51.79214859008789,0.07942661643028259,0.07583998143672943,-51.79214859008789,18.079426616430283,0.07583998143672943,18
