Original_X,Original_Y,Original_Z,Adjusted_X,Adjusted_Y,Adjusted_Z,Slice_Index
-55.57265090942383,2.1867406368255615,0.07679997384548187,-55.57265090942383,28.18674063682556,0.07679997384548187,28
-55.559505462646484,2.180832862854004,0.07675997912883759,-55.559505462646484,28.180832862854004,0.07675997912883759,28
-55.55995178222656,2.163426399230957,0.07732997834682465,-55.55995178222656,28.163426399230957,0.07732997834682465,28
-55.43881607055664,2.20771861076355,0.07195000350475311,-55.43881607055664,28.20771861076355,0.07195000350475311,28
-55.496089935302734,2.182142496109009,0.07618997991085052,-55.496089935302734,28.18214249610901,0.07618997991085052,28
-55.406246185302734,2.1460254192352295,0.0763699859380722,-55.406246185302734,28.14602541923523,0.0763699859380722,28
