Original_X,Original_Y,Original_Z,Adjusted_X,Adjusted_Y,Adjusted_Z,Slice_Index
-50.73828125,-0.5837018489837646,0.13127999007701874,-50.73828125,13.416298151016235,0.13127999007701874,14
-50.65122604370117,-0.5639020204544067,0.08273999392986298,-50.65122604370117,13.436097979545593,0.08273999392986298,14
-50.62605667114258,-0.5865013599395752,0.08314000070095062,-50.62605667114258,13.413498640060425,0.08314000070095062,14
-50.58152389526367,-0.5817526578903198,0.08267001807689667,-50.58152389526367,13.41824734210968,0.08267001807689667,14
-50.58599853515625,-0.6358183026313782,0.12379001080989838,-50.58599853515625,13.364181697368622,0.12379001080989838,14
-50.742889404296875,-0.7246274352073669,0.08206002414226532,-50.742889404296875,13.275372564792633,0.08206002414226532,14
-50.73478317260742,-0.7498447299003601,0.08272002637386322,-50.73478317260742,13.25015527009964,0.08272002637386322,14
-50.67607498168945,-0.7310546040534973,0.08188997209072113,-50.67607498168945,13.268945395946503,0.08188997209072113,14
-50.68333053588867,-0.7382583022117615,0.08212999999523163,-50.68333053588867,13.261741697788239,0.08212999999523163,14
