Original_X,Original_Y,Original_Z,Adjusted_X,Adjusted_Y,Adjusted_Z,Slice_Index
14.108409881591797,0.030110208317637444,0.10449998080730438,14.108409881591797,17.030110208317637,0.10449998080730438,17
14.110969543457031,-0.021367277950048447,0.0994899719953537,14.110969543457031,16.97863272204995,0.0994899719953537,17
14.10687255859375,-0.04001214727759361,0.1119299978017807,14.10687255859375,16.959987852722406,0.1119299978017807,17
14.10574722290039,-0.049797024577856064,0.11214999854564667,14.10574722290039,16.950202975422144,0.11214999854564667,17
14.107391357421875,-0.11926323175430298,0.1082100123167038,14.107391357421875,16.880736768245697,0.1082100123167038,17
