Original_X,Original_Y,Original_Z,Adjusted_X,Adjusted_Y,Adjusted_Z,Slice_Index
10.475170135498047,-0.17911942303180695,0.10106001794338226,10.475170135498047,15.820880576968193,0.10106001794338226,16
10.551849365234375,-0.35352134704589844,0.0997299998998642,10.551849365234375,15.646478652954102,0.0997299998998642,16
10.563190460205078,-0.29737043380737305,0.09842000901699066,10.563190460205078,15.702629566192627,0.09842000901699066,16
