Original_X,Original_Y,Original_Z,Adjusted_X,Adjusted_Y,Adjusted_Z,Slice_Index
-1.4830245971679688,1.5355585813522339,0.10106001794338226,-1.4830245971679688,26.535558581352234,0.10106001794338226,25
-1.5281181335449219,1.5144498348236084,0.10068999230861664,-1.5281181335449219,26.51444983482361,0.10068999230861664,25
-1.4936981201171875,1.5154868364334106,0.10132996737957001,-1.4936981201171875,26.51548683643341,0.10132996737957001,25
-1.4523429870605469,1.5230751037597656,0.10145001113414764,-1.4523429870605469,26.523075103759766,0.10145001113414764,25
