Original_X,Original_Y,Original_Z,Adjusted_X,Adjusted_Y,Adjusted_Z,Slice_Index
0.9150772094726562,-2.858112096786499,0.14539001882076263,0.9150772094726562,0.14188790321350098,0.14539001882076263,3
0.8353385925292969,-2.936187744140625,0.145269975066185,0.8353385925292969,0.063812255859375,0.145269975066185,3
0.8706703186035156,-2.947922706604004,0.14535002410411835,0.8706703186035156,0.052077293395996094,0.14535002410411835,3
1.0036506652832031,-2.8959755897521973,0.14549998939037323,1.0036506652832031,0.10402441024780273,0.14549998939037323,3
0.8753395080566406,-2.950577974319458,0.14531998336315155,0.8753395080566406,0.04942202568054199,0.14531998336315155,3
