Original_X,Original_Y,Original_Z,Adjusted_X,Adjusted_Y,Adjusted_Z,Slice_Index
11.632862091064453,-0.5952154397964478,0.10075996816158295,11.632862091064453,13.404784560203552,0.10075996816158295,14
11.65487289428711,-0.6015900373458862,0.10106001794338226,11.65487289428711,13.398409962654114,0.10106001794338226,14
11.663604736328125,-0.6044350862503052,0.10123001039028168,11.663604736328125,13.395564913749695,0.10123001039028168,14
11.624576568603516,-0.6225993633270264,0.10114000737667084,11.624576568603516,13.377400636672974,0.10114000737667084,14
11.814109802246094,-0.6830015182495117,0.09855000674724579,11.814109802246094,13.316998481750488,0.09855000674724579,14
11.808280944824219,-0.7042593955993652,0.09905998408794403,11.808280944824219,13.295740604400635,0.09905998408794403,14
11.758079528808594,-0.7552770972251892,0.09962998330593109,11.758079528808594,13.24472290277481,0.09962998330593109,14
