Original_X,Original_Y,Original_Z,Adjusted_X,Adjusted_Y,Adjusted_Z,Slice_Index
-6.312763214111328,-1.6055748462677002,0.1405799835920334,-6.312763214111328,7.3944251537323,0.1405799835920334,9
-6.287353515625,-1.596439242362976,0.14148001372814178,-6.287353515625,7.403560757637024,0.14148001372814178,9
-6.359180450439453,-1.700624942779541,0.1409900039434433,-6.359180450439453,7.299375057220459,0.1409900039434433,9
-6.3269500732421875,-1.7076585292816162,0.1411300152540207,-6.3269500732421875,7.292341470718384,0.1411300152540207,9
