Original_X,Original_Y,Original_Z,Adjusted_X,Adjusted_Y,Adjusted_Z,Slice_Index
0.8534202575683594,2.3763046264648438,0.1249300092458725,0.8534202575683594,30.376304626464844,0.1249300092458725,29
0.8797187805175781,2.3567142486572266,0.10132001340389252,0.8797187805175781,30.356714248657227,0.10132001340389252,29
0.927520751953125,2.368911027908325,0.10163001716136932,0.927520751953125,30.368911027908325,0.10163001716136932,29
0.909515380859375,2.3602421283721924,0.10160999000072479,0.909515380859375,30.360242128372192,0.10160999000072479,29
1.0008354187011719,2.257850170135498,0.10120998322963715,1.0008354187011719,30.257850170135498,0.10120998322963715,29
0.9443817138671875,2.22896409034729,0.10119996964931488,0.9443817138671875,30.22896409034729,0.10119996964931488,29
0.8682861328125,2.1960482597351074,0.1011599749326706,0.8682861328125,30.196048259735107,0.1011599749326706,29
0.9048843383789062,2.210749387741089,0.10112999379634857,0.9048843383789062,30.21074938774109,0.10112999379634857,29
0.9888916015625,2.239591121673584,0.10185001790523529,0.9888916015625,30.239591121673584,0.10185001790523529,29
0.9342193603515625,2.2067694664001465,0.10176001489162445,0.9342193603515625,30.206769466400146,0.10176001489162445,29
0.9005546569824219,2.186182975769043,0.10178999602794647,0.9005546569824219,30.186182975769043,0.10178999602794647,29
