Original_X,Original_Y,Original_Z,Adjusted_X,Adjusted_Y,Adjusted_Z,Slice_Index
-15.954845428466797,-1.3713488578796387,0.13797001540660858,-15.954845428466797,8.628651142120361,0.13797001540660858,10
-15.944587707519531,-1.4650201797485352,0.13902001082897186,-15.944587707519531,8.534979820251465,0.13902001082897186,10
-15.879650115966797,-1.4717363119125366,0.13916002213954926,-15.879650115966797,8.528263688087463,0.13916002213954926,10
-15.910518646240234,-1.376351237297058,0.138140007853508,-15.910518646240234,8.623648762702942,0.138140007853508,10
-15.838180541992188,-1.3805240392684937,0.13860999047756195,-15.838180541992188,8.619475960731506,0.13860999047756195,10
-15.783985137939453,-1.3876402378082275,0.13867001235485077,-15.783985137939453,8.612359762191772,0.13867001235485077,10
-15.857601165771484,-1.4819376468658447,0.1390099972486496,-15.857601165771484,8.518062353134155,0.1390099972486496,10
-15.791210174560547,-1.4849687814712524,0.13948999345302582,-15.791210174560547,8.515031218528748,0.13948999345302582,10
