Original_X,Original_Y,Original_Z,Adjusted_X,Adjusted_Y,Adjusted_Z,Slice_Index
-50.77611541748047,1.7811503410339355,0.07858000695705414,-50.77611541748047,27.781150341033936,0.07858000695705414,26
-50.723846435546875,1.7825552225112915,0.07805000245571136,-50.723846435546875,27.78255522251129,0.07805000245571136,26
-50.746925354003906,1.757642149925232,0.07865999639034271,-50.746925354003906,27.757642149925232,0.07865999639034271,26
-50.667301177978516,1.757631778717041,0.0783499926328659,-50.667301177978516,27.75763177871704,0.0783499926328659,26
-50.592166900634766,1.7868605852127075,0.12156002223491669,-50.592166900634766,27.786860585212708,0.12156002223491669,26
-50.654685974121094,1.7483090162277222,0.07856999337673187,-50.654685974121094,27.748309016227722,0.07856999337673187,26
-50.66667556762695,1.7359092235565186,0.07916001975536346,-50.66667556762695,27.73590922355652,0.07916001975536346,26
