Original_X,Original_Y,Original_Z,Adjusted_X,Adjusted_Y,Adjusted_Z,Slice_Index
-13.576339721679688,-1.6421730518341064,0.1391199678182602,-13.576339721679688,7.3578269481658936,0.1391199678182602,9
-13.527595520019531,-1.648863434791565,0.1393200010061264,-13.527595520019531,7.351136565208435,0.1393200010061264,9
-13.480133056640625,-1.6520488262176514,0.13964997231960297,-13.480133056640625,7.347951173782349,0.13964997231960297,9
-13.497200012207031,-1.66420316696167,0.13898997008800507,-13.497200012207031,7.33579683303833,0.13898997008800507,9
-13.404064178466797,-1.678035020828247,0.13925997912883759,-13.404064178466797,7.321964979171753,0.13925997912883759,9
-13.387832641601562,-1.6792246103286743,0.13947002589702606,-13.387832641601562,7.320775389671326,0.13947002589702606,9
