Original_X,Original_Y,Original_Z,Adjusted_X,Adjusted_Y,Adjusted_Z,Slice_Index
-50.65839385986328,1.028522253036499,0.07767997682094574,-50.65839385986328,23.0285222530365,0.07767997682094574,22
-50.6341438293457,1.029633641242981,0.07735000550746918,-50.6341438293457,23.02963364124298,0.07735000550746918,22
-50.653812408447266,1.0173547267913818,0.07785998284816742,-50.653812408447266,23.017354726791382,0.07785998284816742,22
-50.604312896728516,1.0278195142745972,0.07736997306346893,-50.604312896728516,23.027819514274597,0.07736997306346893,22
-50.58991241455078,0.9499984979629517,0.12011997401714325,-50.58991241455078,22.94999849796295,0.12011997401714325,22
-50.69247817993164,0.847597599029541,0.07824002206325531,-50.69247817993164,22.84759759902954,0.07824002206325531,22
