Original_X,Original_Y,Original_Z,Adjusted_X,Adjusted_Y,Adjusted_Z,Slice_Index
-3.9480819702148438,-1.3739562034606934,0.15136997401714325,-3.9480819702148438,8.626043796539307,0.15136997401714325,10
-3.9334945678710938,-1.3908405303955078,0.1517000049352646,-3.9334945678710938,8.609159469604492,0.1517000049352646,10
-3.778186798095703,-1.506999135017395,0.15290002524852753,-3.778186798095703,8.493000864982605,0.15290002524852753,10
-3.8406028747558594,-1.556430459022522,0.10409997403621674,-3.8406028747558594,8.443569540977478,0.10409997403621674,10
