Original_X,Original_Y,Original_Z,Adjusted_X,Adjusted_Y,Adjusted_Z,Slice_Index
-18.251907348632812,0.43875885009765625,0.0932999700307846,-18.251907348632812,18.438758850097656,0.0932999700307846,19
