Original_X,Original_Y,Original_Z,Adjusted_X,Adjusted_Y,Adjusted_Z,Slice_Index
14.11440658569336,1.4095476865768433,0.11121998727321625,14.11440658569336,25.409547686576843,0.11121998727321625,24
14.113327026367188,1.3485872745513916,0.11266998946666718,14.113327026367188,25.34858727455139,0.11266998946666718,24
14.112403869628906,1.339426040649414,0.11287997663021088,14.112403869628906,25.339426040649414,0.11287997663021088,24
14.116081237792969,1.259448766708374,0.10932998359203339,14.116081237792969,25.259448766708374,0.10932998359203339,24
