Original_X,Original_Y,Original_Z,Adjusted_X,Adjusted_Y,Adjusted_Z,Slice_Index
-18.199573516845703,2.4274744987487793,0.09900002181529999,-18.199573516845703,24.42747449874878,0.09900002181529999,29
-18.344058990478516,2.36152982711792,0.09778998792171478,-18.344058990478516,24.36152982711792,0.09778998792171478,29
-18.18572998046875,2.407294511795044,0.0990699976682663,-18.18572998046875,24.407294511795044,0.0990699976682663,29
-18.333450317382812,2.313148021697998,0.09878997504711151,-18.333450317382812,24.313148021697998,0.09878997504711151,29
-18.326679229736328,2.2949881553649902,0.09895996749401093,-18.326679229736328,24.29498815536499,0.09895996749401093,29
-18.222671508789062,2.3230528831481934,0.09250001609325409,-18.222671508789062,24.323052883148193,0.09250001609325409,29
