Original_X,Original_Y,Original_Z,Adjusted_X,Adjusted_Y,Adjusted_Z,Slice_Index
-62.662750244140625,1.546367883682251,0.11725001037120819,-62.662750244140625,26.54636788368225,0.11725001037120819,25
-62.60057830810547,1.6322240829467773,0.08462999761104584,-62.60057830810547,26.632224082946777,0.08462999761104584,25
-62.652381896972656,1.5765844583511353,0.11830000579357147,-62.652381896972656,26.576584458351135,0.11830000579357147,25
-62.74153137207031,1.502264142036438,0.11642996966838837,-62.74153137207031,26.502264142036438,0.11642996966838837,25
