Original_X,Original_Y,Original_Z,Adjusted_X,Adjusted_Y,Adjusted_Z,Slice_Index
-2.749439239501953,-1.5279135704040527,0.15335999429225922,-2.749439239501953,8.472086429595947,0.15335999429225922,10
