Original_X,Original_Y,Original_Z,Adjusted_X,Adjusted_Y,Adjusted_Z,Slice_Index
6.8594818115234375,2.8110852241516113,0.10446999967098236,6.8594818115234375,33.81108522415161,0.10446999967098236,31
7.0025634765625,2.730883836746216,0.10431002080440521,7.0025634765625,33.730883836746216,0.10431002080440521,31
6.964015960693359,2.7088284492492676,0.10428999364376068,6.964015960693359,33.70882844924927,0.10428999364376068,31
6.899692535400391,2.6797690391540527,0.10393999516963959,6.899692535400391,33.67976903915405,0.10393999516963959,31
7.0136260986328125,2.722121000289917,0.10462002456188202,7.0136260986328125,33.72212100028992,0.10462002456188202,31
6.920009613037109,2.6832363605499268,0.10430000722408295,6.920009613037109,33.68323636054993,0.10430000722408295,31
6.898731231689453,2.6706137657165527,0.10434000194072723,6.898731231689453,33.67061376571655,0.10434000194072723,31
