Original_X,Original_Y,Original_Z,Adjusted_X,Adjusted_Y,Adjusted_Z,Slice_Index
-35.070926666259766,1.1717841625213623,0.08363001048564911,-35.070926666259766,24.171784162521362,0.08363001048564911,23
-34.98975372314453,1.2029485702514648,0.12674997746944427,-34.98975372314453,24.202948570251465,0.12674997746944427,23
-35.035701751708984,1.1807085275650024,0.08376000821590424,-35.035701751708984,24.180708527565002,0.08376000821590424,23
-35.02178192138672,1.1825106143951416,0.12589000165462494,-35.02178192138672,24.18251061439514,0.12589000165462494,23
-34.99592208862305,1.1919336318969727,0.12627999484539032,-34.99592208862305,24.191933631896973,0.12627999484539032,23
-35.05717849731445,1.1598031520843506,0.08390997350215912,-35.05717849731445,24.15980315208435,0.08390997350215912,23
-34.992679595947266,1.1751129627227783,0.08363001048564911,-34.992679595947266,24.17511296272278,0.08363001048564911,23
-35.01936721801758,1.0441821813583374,0.126210018992424,-35.01936721801758,24.044182181358337,0.126210018992424,23
