Original_X,Original_Y,Original_Z,Adjusted_X,Adjusted_Y,Adjusted_Z,Slice_Index
3.2717361450195312,-1.855713963508606,0.14456002414226532,3.2717361450195312,6.144286036491394,0.14456002414226532,8
3.297290802001953,-1.8528928756713867,0.1451600044965744,3.297290802001953,6.147107124328613,0.1451600044965744,8
3.3461074829101562,-1.870094656944275,0.14532999694347382,3.3461074829101562,6.129905343055725,0.14532999694347382,8
3.2249794006347656,-1.9510663747787476,0.14490000903606415,3.2249794006347656,6.048933625221252,0.14490000903606415,8
3.397113800048828,-1.8824516534805298,0.14578001201152802,3.397113800048828,6.11754834651947,0.14578001201152802,8
3.290904998779297,-1.9317774772644043,0.1397799700498581,3.290904998779297,6.068222522735596,0.1397799700498581,8
3.400707244873047,-1.8882572650909424,0.14557002484798431,3.400707244873047,6.111742734909058,0.14557002484798431,8
3.288867950439453,-1.9388859272003174,0.13955001533031464,3.288867950439453,6.061114072799683,0.13955001533031464,8
