Original_X,Original_Y,Original_Z,Adjusted_X,Adjusted_Y,Adjusted_Z,Slice_Index
-51.83610153198242,1.9768730401992798,0.07706998288631439,-51.83610153198242,28.97687304019928,0.07706998288631439,27
-51.80738830566406,1.9619317054748535,0.07729999721050262,-51.80738830566406,28.961931705474854,0.07729999721050262,27
-51.77973556518555,1.9543979167938232,0.07729999721050262,-51.77973556518555,28.954397916793823,0.07729999721050262,27
