Original_X,Original_Y,Original_Z,Adjusted_X,Adjusted_Y,Adjusted_Z,Slice_Index
-54.32616424560547,1.370733618736267,0.07694999873638153,-54.32616424560547,16.370733618736267,0.07694999873638153,24
-54.31489944458008,1.337841272354126,0.077689990401268,-54.31489944458008,16.337841272354126,0.077689990401268,24
