Original_X,Original_Y,Original_Z,Adjusted_X,Adjusted_Y,Adjusted_Z,Slice_Index
-3.9629974365234375,-1.773380160331726,0.1519700139760971,-3.9629974365234375,6.226619839668274,0.1519700139760971,8
-3.8285446166992188,-1.7654376029968262,0.10348998010158539,-3.8285446166992188,6.234562397003174,0.10348998010158539,8
-3.8042564392089844,-1.7873207330703735,0.10409002006053925,-3.8042564392089844,6.2126792669296265,0.10409002006053925,8
-3.8773117065429688,-1.8191930055618286,0.1529499739408493,-3.8773117065429688,6.180806994438171,0.1529499739408493,8
-3.8243865966796875,-1.8658223152160645,0.15315000712871552,-3.8243865966796875,6.1341776847839355,0.15315000712871552,8
-3.7943344116210938,-1.8765745162963867,0.1536800116300583,-3.7943344116210938,6.123425483703613,0.1536800116300583,8
-3.7910728454589844,-1.9199455976486206,0.1530499905347824,-3.7910728454589844,6.080054402351379,0.1530499905347824,8
-3.795665740966797,-1.9341322183609009,0.1528100222349167,-3.795665740966797,6.065867781639099,0.1528100222349167,8
