Original_X,Original_Y,Original_Z,Adjusted_X,Adjusted_Y,Adjusted_Z,Slice_Index
-19.552051544189453,0.9393867254257202,0.09421001374721527,-19.552051544189453,22.93938672542572,0.09421001374721527,22
