Original_X,Original_Y,Original_Z,Adjusted_X,Adjusted_Y,Adjusted_Z,Slice_Index
-53.16717529296875,-2.5664029121398926,0.12423001229763031,-53.16717529296875,1.4335970878601074,0.12423001229763031,4
-53.152339935302734,-2.6397154331207275,0.13217000663280487,-53.152339935302734,1.3602845668792725,0.13217000663280487,4
-53.14643859863281,-2.655606985092163,0.13147000968456268,-53.14643859863281,1.344393014907837,0.13147000968456268,4
-53.0847282409668,-2.635725498199463,0.12462000548839569,-53.0847282409668,1.364274501800537,0.12462000548839569,4
-53.16004943847656,-2.670581817626953,0.12383000552654266,-53.16004943847656,1.3294181823730469,0.12383000552654266,4
-53.14167022705078,-2.6721293926239014,0.13099996745586395,-53.14167022705078,1.3278706073760986,0.13099996745586395,4
-53.0916633605957,-2.7322521209716797,0.12489001452922821,-53.0916633605957,1.2677478790283203,0.12489001452922821,4
-53.05113220214844,-2.723661184310913,0.1247899979352951,-53.05113220214844,1.276338815689087,0.1247899979352951,4
-52.9961051940918,-2.7303593158721924,0.13200001418590546,-52.9961051940918,1.2696406841278076,0.13200001418590546,4
