Original_X,Original_Y,Original_Z,Adjusted_X,Adjusted_Y,Adjusted_Z,Slice_Index
-6.297084808349609,0.2305370569229126,0.14148001372814178,-6.297084808349609,18.230537056922913,0.14148001372814178,18
-6.304389953613281,0.2245458960533142,0.14114998281002045,-6.304389953613281,18.224545896053314,0.14114998281002045,18
-6.276775360107422,0.20896464586257935,0.14069996774196625,-6.276775360107422,18.20896464586258,0.14069996774196625,18
-6.221805572509766,0.1920805722475052,0.14071999490261078,-6.221805572509766,18.192080572247505,0.14071999490261078,18
-6.230262756347656,0.1858208179473877,0.14034996926784515,-6.230262756347656,18.185820817947388,0.14034996926784515,18
-6.179500579833984,0.16444262862205505,0.13992999494075775,-6.179500579833984,18.164442628622055,0.13992999494075775,18
-6.368007659912109,0.054014936089515686,0.09667997062206268,-6.368007659912109,18.054014936089516,0.09667997062206268,18
-6.225471496582031,0.046276792883872986,0.13433001935482025,-6.225471496582031,18.046276792883873,0.13433001935482025,18
