Original_X,Original_Y,Original_Z,Adjusted_X,Adjusted_Y,Adjusted_Z,Slice_Index
-61.55671691894531,-2.6600773334503174,0.08197002112865448,-61.55671691894531,1.3399226665496826,0.08197002112865448,4
-61.55488586425781,-2.7470297813415527,0.12159000337123871,-61.55488586425781,1.2529702186584473,0.12159000337123871,4
-61.40874481201172,-2.57829213142395,0.1219400018453598,-61.40874481201172,1.4217078685760498,0.1219400018453598,4
-61.46089172363281,-2.6006996631622314,0.12177000939846039,-61.46089172363281,1.3993003368377686,0.12177000939846039,4
-61.443992614746094,-2.6875498294830322,0.08232001960277557,-61.443992614746094,1.3124501705169678,0.08232001960277557,4
