Original_X,Original_Y,Original_Z,Adjusted_X,Adjusted_Y,Adjusted_Z,Slice_Index
-61.40929412841797,-1.5501154661178589,0.11530999839305878,-61.40929412841797,7.449884533882141,0.11530999839305878,9
-61.492774963378906,-1.58540678024292,0.11497996747493744,-61.492774963378906,7.41459321975708,0.11497996747493744,9
-61.44065856933594,-1.5650063753128052,0.11511002480983734,-61.44065856933594,7.434993624687195,0.11511002480983734,9
-61.50804901123047,-1.5934507846832275,0.11484996974468231,-61.50804901123047,7.4065492153167725,0.11484996974468231,9
-61.55503845214844,-1.6145973205566406,0.11462001502513885,-61.55503845214844,7.385402679443359,0.11462001502513885,9
-61.521156311035156,-1.6969177722930908,0.11580000817775726,-61.521156311035156,7.303082227706909,0.11580000817775726,9
-61.3839111328125,-1.6438443660736084,0.11612997949123383,-61.3839111328125,7.356155633926392,0.11612997949123383,9
-61.393959045410156,-1.6505688428878784,0.11607001721858978,-61.393959045410156,7.349431157112122,0.11607001721858978,9
-61.48468017578125,-1.696879267692566,0.11524997651576996,-61.48468017578125,7.303120732307434,0.11524997651576996,9
