Original_X,Original_Y,Original_Z,Adjusted_X,Adjusted_Y,Adjusted_Z,Slice_Index
-0.3319206237792969,-0.203429713845253,0.10575000941753387,-0.3319206237792969,15.796570286154747,0.10575000941753387,16
-0.302490234375,-0.20442664623260498,0.10567997395992279,-0.302490234375,15.795573353767395,0.10567997395992279,16
-0.2639007568359375,-0.22417403757572174,0.09697000682353973,-0.2639007568359375,15.775825962424278,0.09697000682353973,16
-0.2325897216796875,-0.24625608325004578,0.09844999015331268,-0.2325897216796875,15.753743916749954,0.09844999015331268,16
-0.20038604736328125,-0.30668172240257263,0.10677997767925262,-0.20038604736328125,15.693318277597427,0.10677997767925262,16
