Original_X,Original_Y,Original_Z,Adjusted_X,Adjusted_Y,Adjusted_Z,Slice_Index
-54.32057571411133,1.7772575616836548,0.07830999791622162,-54.32057571411133,18.777257561683655,0.07830999791622162,26
-54.3292236328125,1.7642934322357178,0.07885001599788666,-54.3292236328125,18.764293432235718,0.07885001599788666,26
-54.304718017578125,1.7631611824035645,0.07856999337673187,-54.304718017578125,18.763161182403564,0.07856999337673187,26
-54.27020263671875,1.7487064599990845,0.07891999185085297,-54.27020263671875,18.748706459999084,0.07891999185085297,26
-54.24928665161133,1.7342705726623535,0.07902000844478607,-54.24928665161133,18.734270572662354,0.07902000844478607,26
-54.215614318847656,1.7352274656295776,0.07872997224330902,-54.215614318847656,18.735227465629578,0.07872997224330902,26
-54.18212127685547,1.712111234664917,0.07878999412059784,-54.18212127685547,18.712111234664917,0.07878999412059784,26
