Original_X,Original_Y,Original_Z,Adjusted_X,Adjusted_Y,Adjusted_Z,Slice_Index
6.8364105224609375,-0.7624298930168152,0.137130007147789,6.8364105224609375,12.237570106983185,0.137130007147789,13
6.835380554199219,-0.7949376702308655,0.14174000918865204,6.835380554199219,12.205062329769135,0.14174000918865204,13
6.910305023193359,-0.8071177005767822,0.14250998198986053,6.910305023193359,12.192882299423218,0.14250998198986053,13
6.944225311279297,-0.8547132611274719,0.1367199867963791,6.944225311279297,12.145286738872528,0.1367199867963791,13
6.9038848876953125,-0.8806601762771606,0.13683997094631195,6.9038848876953125,12.11933982372284,0.13683997094631195,13
6.992408752441406,-0.8517004251480103,0.14223997294902802,6.992408752441406,12.14829957485199,0.14223997294902802,13
6.882904052734375,-0.9054214358329773,0.1079699844121933,6.882904052734375,12.094578564167023,0.1079699844121933,13
6.836063385009766,-0.9423168897628784,0.13594000041484833,6.836063385009766,12.057683110237122,0.13594000041484833,13
6.915191650390625,-0.9118809103965759,0.10785000026226044,6.915191650390625,12.088119089603424,0.10785000026226044,13
6.954509735107422,-0.9285024404525757,0.10812000930309296,6.954509735107422,12.071497559547424,0.10812000930309296,13
