Original_X,Original_Y,Original_Z,Adjusted_X,Adjusted_Y,Adjusted_Z,Slice_Index
14.120079040527344,-3.009204149246216,0.15247999131679535,14.120079040527344,-1.0092041492462158,0.15247999131679535,2
14.12094497680664,-3.0371487140655518,0.1623700112104416,14.12094497680664,-1.0371487140655518,0.1623700112104416,2
14.089790344238281,-3.054734706878662,0.14386998116970062,14.089790344238281,-1.054734706878662,0.14386998116970062,2
14.136249542236328,-3.0461602210998535,0.10923002660274506,14.136249542236328,-1.0461602210998535,0.10923002660274506,2
14.132308959960938,-3.066333055496216,0.10981999337673187,14.132308959960938,-1.0663330554962158,0.10981999337673187,2
14.119148254394531,-3.0966641902923584,0.1544099897146225,14.119148254394531,-1.0966641902923584,0.1544099897146225,2
14.142223358154297,-3.1453604698181152,0.14715997874736786,14.142223358154297,-1.1453604698181152,0.14715997874736786,2
14.118721008300781,-3.1614677906036377,0.16272000968456268,14.118721008300781,-1.1614677906036377,0.16272000968456268,2
