Original_X,Original_Y,Original_Z,Adjusted_X,Adjusted_Y,Adjusted_Z,Slice_Index
-53.057796478271484,-0.456699013710022,0.13013999164104462,-53.057796478271484,14.543300986289978,0.13013999164104462,15
-53.01983642578125,-0.47961002588272095,0.12959997355937958,-53.01983642578125,14.520389974117279,0.12959997355937958,15
-52.982513427734375,-0.5034556984901428,0.129519984126091,-52.982513427734375,14.496544301509857,0.129519984126091,15
