Original_X,Original_Y,Original_Z,Adjusted_X,Adjusted_Y,Adjusted_Z,Slice_Index
8.178974151611328,3.3080978393554688,1.128730058670044,8.178974151611328,3.3080978393554688,5.128730058670044,4
8.17666244506836,3.3037524223327637,1.1191799640655518,8.17666244506836,3.3037524223327637,5.119179964065552,4
8.17612075805664,3.2998263835906982,1.1055899858474731,8.17612075805664,3.2998263835906982,5.105589985847473,4
8.183345794677734,3.302633285522461,1.1099300384521484,8.183345794677734,3.302633285522461,5.109930038452148,4
8.191707611083984,3.3000781536102295,1.1058200597763062,8.191707611083984,3.3000781536102295,5.105820059776306,4
8.188179016113281,3.2954788208007812,1.0913400650024414,8.188179016113281,3.2954788208007812,5.091340065002441,4
8.200397491455078,3.295180559158325,1.087249994277954,8.200397491455078,3.295180559158325,5.087249994277954,4
8.21579360961914,3.2814676761627197,1.037790060043335,8.21579360961914,3.2814676761627197,5.037790060043335,4
