Original_X,Original_Y,Original_Z,Adjusted_X,Adjusted_Y,Adjusted_Z,Slice_Index
-65.16486358642578,4.337554454803467,4.284759998321533,-65.16486358642578,4.337554454803467,12.284759998321533,21
-65.1495361328125,4.341746807098389,4.299469947814941,-65.1495361328125,4.341746807098389,12.299469947814941,21
-65.12430572509766,4.3467936515808105,4.311429977416992,-65.12430572509766,4.3467936515808105,12.311429977416992,21
-65.07430267333984,4.358850955963135,4.353409767150879,-65.07430267333984,4.358850955963135,12.353409767150879,21
-65.09210205078125,4.338797092437744,4.293149948120117,-65.09210205078125,4.338797092437744,12.293149948120117,21
-64.98611450195312,4.346359729766846,4.312629699707031,-64.98611450195312,4.346359729766846,12.312629699707031,21
