Original_X,Original_Y,Original_Z,Adjusted_X,Adjusted_Y,Adjusted_Z,Slice_Index
-65.13252258300781,3.020314931869507,0.12108002603054047,-65.13252258300781,3.020314931869507,0.12108002603054047,0
-65.18279266357422,2.992553472518921,0.18477998673915863,-65.18279266357422,2.992553472518921,0.18477998673915863,0
-65.16082000732422,2.997105360031128,0.19946996867656708,-65.16082000732422,2.997105360031128,0.19946996867656708,0
-65.13987731933594,3.0025177001953125,0.2153100222349167,-65.13987731933594,3.0025177001953125,0.2153100222349167,0
-65.10977172851562,3.0099403858184814,0.13543997704982758,-65.10977172851562,3.0099403858184814,0.13543997704982758,0
-65.06710815429688,2.9845528602600098,0.15194998681545258,-65.06710815429688,2.9845528602600098,0.15194998681545258,0
-65.02789306640625,2.998734474182129,0.197610005736351,-65.02789306640625,2.998734474182129,0.197610005736351,0
-65.08264923095703,2.974740505218506,0.06121997907757759,-65.08264923095703,2.974740505218506,0.06121997907757759,0
-65.05317687988281,2.9593539237976074,0.06272999942302704,-65.05317687988281,2.9593539237976074,0.06272999942302704,0
