Adjusted_X,Adjusted_Y,Adjusted_Z,Slice_Index
49.093833923339844,-4.514470100402832,11.405149936676025,7
49.11199569702149,-4.48160982131958,11.410521030426025,7
49.11370468139648,-4.473085880279541,11.266478061676025,7
49.13786315917969,-4.500612258911133,11.411497116088867,7
49.15742492675781,-4.4896812438964835,11.312864303588867,7
49.22564697265625,-4.516167163848877,11.399777889251707,7
49.22755813598633,-4.48306941986084,11.286985397338867,7
49.2322998046875,-4.497641086578369,11.336790084838867,7
49.25567245483398,-4.486663341522217,11.410521030426025,7
