Adjusted_X,Adjusted_Y,Adjusted_Z,Slice_Index
18.074153900146484,-3.878950834274292,6.520852088928223,4
