Adjusted_X,Adjusted_Y,Adjusted_Z,Slice_Index
26.631933212280273,-4.475401401519775,11.360716342926025,7
26.74555969238281,-4.492639064788818,11.363157272338867,7
26.86128807067871,-4.456707000732422,11.363157272338867,7
26.866100311279297,-4.461589336395264,11.363157272338867,7
26.979366302490234,-4.505465030670166,11.359251022338867,7
