Adjusted_X,Adjusted_Y,Adjusted_Z,Slice_Index
50.58872604370117,-4.344039916992188,8.901763439178467,5
50.59509658813477,-4.333457946777344,8.87490701675415,5
50.59858703613281,-4.306717872619629,8.79727005958557,5
50.61073684692383,-4.3239498138427725,8.846587181091309,5
