Adjusted_X,Adjusted_Y,Adjusted_Z,Slice_Index
44.61483383178711,-4.507723808288574,12.403195858001707,8
44.73013305664063,-4.508124828338623,12.359738826751707,8
44.76927947998047,-4.5035810470581055,12.404661178588867,8
44.84499740600586,-4.514032363891602,12.385617733001707,8
44.87752151489258,-4.5100059509277335,12.363646030426025,8
44.96025848388672,-4.501614570617676,12.403685092926025,8
45.075233459472656,-4.506143093109131,12.350949764251707,8
