Adjusted_X,Adjusted_Y,Adjusted_Z,Slice_Index
17.585792541503903,-4.3379178047180185,8.88657522201538,6
17.601078033447266,-4.284398078918457,8.688332796096804,6
17.63599967956543,-4.338053226470946,8.888527870178223,6
17.638465881347656,-4.3198909759521475,8.89194631576538,6
17.63868522644043,-4.3479599952697745,8.871438026428223,6
17.639026641845703,-4.299501895904541,8.726418733596804,6
17.639068603515625,-4.307816982269287,8.752297878265379,6
17.68685531616211,-4.329925060272217,8.819192171096804,6
