Adjusted_X,Adjusted_Y,Adjusted_Z,Slice_Index
30.011981964111328,3.691288709640503,0.9059191346168518,0
30.018400192260746,3.698056697845459,0.9058909416198729,0
30.136608123779297,3.6950066089630127,0.9064896106719972,0
30.24974822998047,3.7211699485778813,0.9514874815940856,0
30.26718521118164,3.6718268394470215,0.8274815678596497,0
29.789203643798828,3.827430248260498,1.2956273555755615,0
