Adjusted_X,Adjusted_Y,Adjusted_Z,Slice_Index
49.29279327392578,4.812646865844727,11.377631664276125,7
49.29574584960938,4.855483055114746,11.467906951904295,7
49.6049690246582,4.848760604858398,11.399046897888185,7
49.60821151733398,4.854071617126465,11.416609287261965,7
