Adjusted_X,Adjusted_Y,Adjusted_Z,Slice_Index
0.13038010895252228,4.874337196350098,13.512250423431395,9
