Adjusted_X,Adjusted_Y,Adjusted_Z,Slice_Index
5.907327651977539,4.707232475280762,10.98361873626709,7
5.986023902893066,4.692333698272705,10.940412998199463,7
5.8545589447021475,4.717318058013916,11.021863460540773,7
5.97056245803833,4.8396029472351065,11.376824378967285,7
6.090873718261719,4.719698905944824,11.04858684539795,7
