Adjusted_X,Adjusted_Y,Adjusted_Z,Slice_Index
37.38556671142578,4.878053665161133,13.537114143371582,9
37.544395446777344,4.876315116882324,13.538068771362305,9
37.55852127075195,4.884544372558594,13.52922534942627,9
37.73155212402344,4.869232177734375,13.537474155426025,9
