Adjusted_X,Adjusted_Y,Adjusted_Z,Slice_Index
19.344921112060547,4.854829788208008,11.422312259674072,7
19.44003295898437,4.876890182495117,11.491318225860596,7
19.45986557006836,4.873937129974365,11.484421730041506,7
19.463085174560547,4.855592727661133,11.424372673034668,7
19.49747467041016,4.852877616882324,11.414011478424072,7
19.57366943359375,4.85312032699585,11.40937089920044,7
19.574203491210934,4.870819091796875,11.46745538711548,7
19.69306945800781,4.860044956207275,11.429486274719238,7
