Adjusted_X,Adjusted_Y,Adjusted_Z,Slice_Index
17.598285675048828,-4.333601951599121,8.873391389846804,6
17.612934112548828,-4.2803025245666495,8.675041198730469,6
17.648500442504886,-4.33373498916626,8.875182628631592,6
17.650976181030273,-4.3155694007873535,8.878572702407839,6
17.65113067626953,-4.343660831451416,8.858095169067383,6
17.651004791259766,-4.2953643798828125,8.713021516799929,6
17.6511287689209,-4.303650379180908,8.738909721374513,6
17.69913101196289,-4.325684070587158,8.8056743144989,6
