Adjusted_X,Adjusted_Y,Adjusted_Z,Slice_Index
43.170982360839844,-4.3525590896606445,10.874147415161133,7
43.258399963378906,-4.340766429901123,10.84406805038452,7
43.282318115234375,-4.350566864013672,10.875739812850952,7
43.16946029663086,-4.49905252456665,11.29716968536377,7
43.18143844604492,-4.471353530883789,11.219463348388672,7
43.28341674804688,-4.484494686126709,11.267001628875732,7
