Adjusted_X,Adjusted_Y,Adjusted_Z,Slice_Index
18.08224868774414,-3.876155376434326,6.505593061447144,4
