Adjusted_X,Adjusted_Y,Adjusted_Z,Slice_Index
22.152727127075195,-4.467392444610597,10.20351791381836,6
22.161666870117188,-4.4732666015625,10.219608306884766,6
22.297298431396484,-4.482470989227295,10.259690284729004,6
22.379791259765625,-4.496178150177002,10.29313039779663,6
22.381793975830078,-4.45921802520752,10.336540699005127,6
22.424753189086914,-4.497610569000244,10.309101104736328,6
22.49517250061035,-4.501046657562256,10.321084976196287,6
22.49687385559082,-4.462370872497559,10.33617353439331,6
