Adjusted_X,Adjusted_Y,Adjusted_Z,Slice_Index
50.98737335205078,0.9812867641448976,0.02220926247537136,0
51.01164245605469,0.9904617071151732,0.02212090417742729,0
51.036170959472656,0.989575743675232,0.0230199471116066,0
51.04002380371094,0.9858076572418212,0.02203469537198544,0
