Adjusted_X,Adjusted_Y,Adjusted_Z,Slice_Index
0.06842611730098724,13.101233005523682,0.013419145718216896,12
0.13116420805454254,13.115010023117065,0.016131753101944923,12
-0.1027078628540039,13.422562837600708,0.011659743264317513,12
0.1293889731168747,13.414040088653564,0.021175898611545563,12
0.2276705205440521,13.302770376205444,0.02342531457543373,12
