Adjusted_X,Adjusted_Y,Adjusted_Z,Slice_Index
20.88736915588379,12.673146724700928,0.015251941047608852,10
20.9331111907959,12.633881330490112,0.013684255070984364,10
21.06901741027832,12.63567304611206,0.014220754615962504,10
20.790328979492188,12.761874437332153,0.05255592241883278,10
20.907075881958008,12.766560554504395,0.05608085170388222,10
21.079206466674805,13.066466331481935,0.0537278912961483,10
21.08168029785156,13.053805589675903,0.05568806827068329,10
21.13642883300781,12.767926931381226,0.04703979939222337,10
