Adjusted_X,Adjusted_Y,Adjusted_Z,Slice_Index
29.74501991271973,-2.360825300216675,0.01946266554296017,0
29.75277709960937,-2.3901708126068115,0.02532932348549366,0
29.782005310058594,-2.317667961120605,0.0197836235165596,0
29.782085418701172,-2.365121364593506,0.01934808678925037,0
29.847999572753906,-2.3152329921722408,0.01956840790808201,0
29.88971710205078,-2.3617992401123047,0.020950855687260628,0
29.89785385131836,-2.3375041484832764,0.01943264901638031,0
29.910200119018555,-2.303839683532715,0.02082042209804058,0
