Adjusted_X,Adjusted_Y,Adjusted_Z,Slice_Index
26.745683670043945,11.102919816970825,0.01966841332614422,9
26.84999084472656,11.116222858428957,0.037383824586868286,9
27.09162902832031,11.114570140838623,0.04637354984879494,9
27.206241607666016,11.11489725112915,0.030867088586091995,9
