Adjusted_X,Adjusted_Y,Adjusted_Z,Slice_Index
38.86360168457031,2.5160944163799286,0.024890946224331856,3
38.976524353027344,2.5162320137023926,0.02794506773352623,3
39.00794982910156,2.506483554840088,0.02297183498740196,3
39.1237907409668,2.5084705948829646,0.025526568293571472,3
