Adjusted_X,Adjusted_Y,Adjusted_Z,Slice_Index
22.468505859375,14.116534948348999,0.021168433129787445,11
22.48066711425781,14.12113332748413,0.029425276443362236,11
