Adjusted_X,Adjusted_Y,Adjusted_Z,Slice_Index
1.2799731492996216,-2.8718276023864746,0.08969538658857346,0
1.5928876399993896,-2.9845159053802486,-0.012750509195029736,0
1.6217405796051023,-2.9611518383026123,-0.011892262846231459,0
1.627615213394165,-3.0980646610260014,-0.009805960580706595,0
1.6861530542373655,-2.9260344505310063,-0.009697754867374895,0
1.6963679790496826,-2.897399425506592,-0.009762498550117016,0
1.2779910564422607,-2.812476396560669,0.06912777572870255,0
1.280333161354065,-2.6267364025115967,0.0283863078802824,0
1.7161861658096311,-2.6438002586364746,0.018068699166178703,0
