Adjusted_X,Adjusted_Y,Adjusted_Z,Slice_Index
15.090597152709961,10.04128885269165,0.012932473793625832,8
15.09225845336914,10.01830244064331,0.014416645281016828,8
15.123018264770508,9.641879320144652,0.036221541464328766,8
15.15130615234375,10.016088247299193,0.014228967949748041,8
15.154953002929688,9.68332505226135,0.015076461248099804,8
15.179020881652832,9.698751449584961,0.014492714777588844,8
15.17906093597412,10.021178245544434,0.012181012891232969,8
