Adjusted_X,Adjusted_Y,Adjusted_Z,Slice_Index
22.250133514404297,11.117564916610718,0.029330886900424964,9
22.254907608032227,11.115830898284912,0.04836055636405945,9
22.480449676513672,11.117151737213137,0.04128473997116089,9
22.50438499450684,11.113865613937378,0.025098169222474098,9
22.59512138366699,11.11749815940857,0.043357230722904205,9
22.71039581298828,11.117091417312622,0.03615034744143486,9
22.32763671875,11.412423133850098,0.01752328872680664,9
