Adjusted_X,Adjusted_Y,Adjusted_Z,Slice_Index
28.25653839111328,11.111633062362671,0.027290742844343185,9
28.35012245178223,11.112591981887817,0.02698832936584949,9
28.57430458068848,11.113357782363892,0.04091468453407288,9
