Adjusted_X,Adjusted_Y,Adjusted_Z,Slice_Index
40.51915740966797,4.159444287419318,0.020650330930948257,5
