Adjusted_X,Adjusted_Y,Adjusted_Z,Slice_Index
12.143054962158205,1.5100785493850708,0.01893452554941177,3
12.167657852172852,1.492563247680664,0.020339760929346085,3
12.168758392333984,1.528164625167847,0.03152666985988617,3
12.178288459777832,1.5395280122756958,0.02464742586016655,3
12.20132064819336,1.5726957321166992,0.022583216428756717,3
12.211933135986328,1.5715023279190063,0.013273467309772968,3
12.230424880981445,1.904956698417664,0.024092955514788628,3
