Adjusted_X,Adjusted_Y,Adjusted_Z,Slice_Index
2.743601083755493,15.118396520614624,0.031591009348630905,12
3.0945703983306885,15.089434146881105,0.027075177058577538,12
3.2348337173461914,15.119986295700073,0.034401457756757736,12
