Adjusted_X,Adjusted_Y,Adjusted_Z,Slice_Index
22.367774963378906,12.76776671409607,0.0502018928527832,10
22.48219108581543,12.778844118118286,0.0341961570084095,10
22.595651626586914,12.767868041992188,0.044585004448890686,10
22.7117862701416,12.764976024627686,0.04274928197264671,10
