Adjusted_X,Adjusted_Y,Adjusted_Z,Slice_Index
20.790081024169922,11.114950895309448,0.055229250341653824,9
21.019710540771484,11.11526346206665,0.05107157677412033,9
21.02537727355957,11.10923457145691,0.021274818107485768,9
21.051025390625,11.113803386688232,0.02362813055515289,9
20.801538467407227,11.38552975654602,0.022665293887257576,9
20.99937438964844,11.413270950317385,0.016137367114424706,9
21.020320892333984,11.424098253250122,0.01898794248700142,9
21.189748764038086,11.429488182067873,0.0169712845236063,9
