Adjusted_X,Adjusted_Y,Adjusted_Z,Slice_Index
49.26255798339844,7.621995449066162,0.0222302470356226,5
