Adjusted_X,Adjusted_Y,Adjusted_Z,Slice_Index
11.871648788452148,13.136550188064575,0.010267194360494614,12
11.881356239318848,13.176308393478394,0.011168740689754486,12
11.89011287689209,13.003900527954102,0.05478959158062935,12
11.890135765075685,13.071396350860596,0.027370210736989968,12
12.04867172241211,13.061036825180054,0.03907843306660652,12
12.059259414672852,13.130482912063599,0.01943591982126236,12
12.068889617919922,13.174045085906982,0.010567386634647844,12
12.148839950561525,13.092657327651978,0.04506867751479149,12
12.19340705871582,13.117895603179932,0.040502052754163735,12
