Adjusted_X,Adjusted_Y,Adjusted_Z,Slice_Index
16.735404968261722,4.673037052154541,10.867326021194458,7
16.76200294494629,4.671992301940918,10.871147871017456,7
16.766603469848633,4.653541564941406,10.812071084976196,7
16.771451950073242,4.6813178062438965,10.88966178894043,7
16.774229049682614,4.7085862159729,10.981419324874878,7
