Adjusted_X,Adjusted_Y,Adjusted_Z,Slice_Index
35.92430114746094,4.90078067779541,13.53662109375,9
36.01779556274414,4.885828018188477,13.536805152893065,9
36.11363983154297,4.8758745193481445,13.53699541091919,9
