Adjusted_X,Adjusted_Y,Adjusted_Z,Slice_Index
13.298110961914062,3.867604970932007,3.4348672628402714,2
13.309978485107422,3.9703998565673833,3.726739287376404,2
13.43941879272461,3.9737377166748047,3.7253428697586064,2
13.557377815246582,3.988439798355103,3.8601502180099487,2
