Adjusted_X,Adjusted_Y,Adjusted_Z,Slice_Index
43.28601455688477,4.687093734741211,10.947707653045654,7
43.77758407592773,4.693489074707031,10.93830418586731,7
43.28296661376953,4.71449613571167,11.05706262588501,7
43.6711311340332,4.849676132202148,11.402343273162842,7
43.749473571777344,4.850452423095703,11.405508041381836,7
