Adjusted_X,Adjusted_Y,Adjusted_Z,Slice_Index
51.01611328125,4.372603893280028,6.9773454666137695,4
51.01858139038086,4.408573627471924,7.084232568740845,4
51.03080749511719,4.37872838973999,6.98119854927063,4
51.015869140625,4.436950206756592,7.164775848388673,4
51.0166015625,4.465057849884033,7.247262954711914,4
