Adjusted_X,Adjusted_Y,Adjusted_Z,Slice_Index
50.59836196899414,-4.468652725219727,10.220466613769533,6
