Adjusted_X,Adjusted_Y,Adjusted_Z,Slice_Index
50.59331512451172,-3.9748249053955083,5.795640230178832,3
50.5943374633789,-3.95007061958313,5.7213895320892325,3
50.99211883544922,-3.9751224517822266,5.783093929290772,3
50.99195098876953,-3.9526870250701904,5.718616485595702,3
50.990516662597656,-4.083640575408936,6.113789081573486,3
50.99003601074219,-3.99047327041626,5.834388494491577,3
50.99197387695313,-4.0223636627197275,5.9267029762268075,3
50.99348449707031,-4.0707669258117685,6.073726177215576,3
51.00285720825195,-4.0304532051086435,5.954996824264526,3
