Adjusted_X,Adjusted_Y,Adjusted_Z,Slice_Index
7.294512271881103,-4.489747524261475,12.32707691192627,8
7.296435356140138,-4.4681315422058105,12.288472175598145,8
7.316124439239503,-4.470653533935547,12.334798812866213,8
7.381875991821289,-4.495967388153076,12.290181159973145,8
7.4201507568359375,-4.460127353668213,12.332499027252195,8
7.428149223327638,-4.4988694190979,12.319820880889893,8
7.495730400085449,-4.498291015625,12.320090293884276,8
7.545703887939452,-4.440204620361328,12.333048820495605,8
7.5456109046936035,-4.501885414123535,12.302355289459227,8
