Adjusted_X,Adjusted_Y,Adjusted_Z,Slice_Index
49.10794067382813,-4.50959587097168,11.358323097229006,7
49.1261215209961,-4.476729869842528,11.363598823547365,7
49.12736892700195,-4.468366146087647,11.219542026519775,7
49.15199279785156,-4.4957313537597665,11.36451292037964,7
49.17123413085938,-4.484910011291504,11.2658052444458,7
49.23973846435547,-4.51129961013794,11.35252857208252,7
49.24128723144531,-4.478326797485352,11.239693641662598,7
49.24618530273438,-4.492843627929688,11.289498805999756,7
49.269798278808594,-4.481783390045166,11.363142013549805,7
