Adjusted_X,Adjusted_Y,Adjusted_Z,Slice_Index
5.611498832702637,-4.482949733734131,11.252608299255373,7
5.625566959381104,-4.500585556030273,11.320941925048828,7
5.670499324798584,-4.480199337005615,11.333958625793455,7
5.680942058563232,-4.4969587326049805,11.328572750091553,7
5.7414283752441415,-4.502420902252197,11.316176891326904,7
5.774085998535156,-4.479682922363281,11.331183433532715,7
5.854853630065918,-4.479905605316162,11.249380111694336,7
