Adjusted_X,Adjusted_Y,Adjusted_Z,Slice_Index
26.645938873291016,-4.470563411712647,11.337873935699465,7
26.649097442626953,-4.504435062408447,11.31641721725464,7
26.75957298278809,-4.487798690795898,11.339968204498293,7
26.805931091308594,-4.4949822425842285,11.282697200775145,7
26.875301361083984,-4.45186710357666,11.339555740356445,7
26.880111694335934,-4.456748962402344,11.339545249938965,7
26.990192413330078,-4.500746250152588,11.321173191070555,7
26.99336242675781,-4.500629425048828,11.335323333740234,7
