Adjusted_X,Adjusted_Y,Adjusted_Z,Slice_Index
34.11309814453125,-4.1877121925353995,9.400409936904909,6
34.11775588989258,-4.1901564598083505,9.400397777557373,6
34.173206329345696,-4.165159225463866,9.338178873062132,6
