Original_X,Original_Y,Original_Z,Adjusted_X,Adjusted_Y,Adjusted_Z,Slice_Index
-65.15489959716797,-3.4962148666381836,0.1445000022649765,-65.15489959716797,-3.4962148666381836,0.1445000022649765,0
-65.1498794555664,-3.511768341064453,0.1223599761724472,-65.1498794555664,-3.511768341064453,0.1223599761724472,0
-65.05452728271484,-3.492990493774414,0.06402997672557831,-65.05452728271484,-3.492990493774414,0.06402997672557831,0
-65.03228759765625,-3.489365577697754,0.06367002427577972,-65.03228759765625,-3.489365577697754,0.06367002427577972,0
-64.98678588867188,-3.5388853549957275,0.14772997796535492,-64.98678588867188,-3.5388853549957275,0.14772997796535492,0
-64.955078125,-3.529750108718872,0.24647001922130585,-64.955078125,-3.529750108718872,0.24647001922130585,0
