Original_X,Original_Y,Original_Z,Adjusted_X,Adjusted_Y,Adjusted_Z,Slice_Index
-41.032588958740234,-5.009881973266602,4.481130123138428,-41.032588958740234,-5.009881973266602,26.481130123138428,22
