Original_X,Original_Y,Original_Z,Adjusted_X,Adjusted_Y,Adjusted_Z,Slice_Index
-42.3333625793457,-5.0306291580200195,4.509059906005859,-42.3333625793457,-5.0306291580200195,26.50905990600586,22
-42.195472717285156,-4.993727684020996,4.482639789581299,-42.195472717285156,-4.993727684020996,26.4826397895813,22
