Original_X,Original_Y,Original_Z,Adjusted_X,Adjusted_Y,Adjusted_Z,Slice_Index
-64.98717498779297,-4.914562225341797,4.441559791564941,-64.98717498779297,-4.914562225341797,23.44155979156494,21
-64.96380615234375,-4.905943870544434,4.293109893798828,-64.96380615234375,-4.905943870544434,23.293109893798828,21
-64.96957397460938,-4.914987564086914,4.292409896850586,-64.96957397460938,-4.914987564086914,23.292409896850586,21
-64.96475982666016,-4.91944694519043,4.277919769287109,-64.96475982666016,-4.91944694519043,23.27791976928711,21
-64.9577865600586,-4.917923450469971,4.27433967590332,-64.9577865600586,-4.917923450469971,23.27433967590332,21
-64.95755004882812,-4.930273056030273,4.300489902496338,-64.95755004882812,-4.930273056030273,23.300489902496338,21
-64.96199798583984,-4.948975563049316,4.381360054016113,-64.96199798583984,-4.948975563049316,23.381360054016113,21
-64.95960998535156,-4.962967872619629,4.413229942321777,-64.95960998535156,-4.962967872619629,23.413229942321777,21
-64.96780395507812,-4.968459606170654,4.460869789123535,-64.96780395507812,-4.968459606170654,23.460869789123535,21
