Adjusted_X,Adjusted_Y,Adjusted_Z,Slice_Index
31.280689239501953,4.860641956329347,12.498411178588867,8
31.35917091369629,4.854477405548097,12.459348678588867,8
31.459716796875,4.869090080261231,12.508177280426025,8
31.468048095703125,4.8473100662231445,12.439818382263185,8
31.471858978271484,4.878180027008057,12.551145553588867,8
31.47588348388672,4.8456549644470215,12.436400413513185,8
31.55183029174805,4.877784729003906,12.542845249176025,8
31.586801528930664,4.855644226074219,12.466673374176025,8
31.593461990356445,4.847847938537598,12.447141647338867,8
