Adjusted_X,Adjusted_Y,Adjusted_Z,Slice_Index
13.487606048583984,4.8693060874938965,12.529172897338867,8
13.48996639251709,4.855266571044922,12.461789608001707,8
13.509039878845215,4.860003471374512,12.478879928588867,8
13.664426803588867,4.865816116333008,12.482765674591064,8
13.671751022338867,4.868000030517578,12.500853061676025,8
13.70625114440918,4.8486671447753915,12.531126022338867,8
13.718021392822266,4.864723205566406,12.531595230102539,8
13.742643356323242,4.860711097717285,12.532570838928224,8
