Adjusted_X,Adjusted_Y,Adjusted_Z,Slice_Index
5.829283714294434,4.864805221557617,12.508645057678224,8
5.840980052947997,4.859384059906006,12.47544240951538,8
5.842241287231445,4.853398323059082,12.44370412826538,8
5.910090923309326,4.8574180603027335,12.52134084701538,8
