Adjusted_X,Adjusted_Y,Adjusted_Z,Slice_Index
26.83987045288086,4.859539031982422,11.483763217926025,7
26.86250114440918,4.869882106781006,11.541379928588867,7
26.867229461669922,4.846307277679443,11.439818382263185,7
26.97668266296387,4.868532180786133,11.504759311676025,7
26.97680282592773,4.843586921691895,11.434935092926025,7
27.028522491455078,4.8627281188964835,11.486203670501707,7
27.08025360107422,4.85554838180542,11.467161178588867,7
27.090900421142575,4.85436487197876,11.463742733001707,7
27.21391487121582,4.846432685852051,11.437376022338867,7
