Adjusted_X,Adjusted_Y,Adjusted_Z,Slice_Index
19.330638885498047,4.84989595413208,12.448117733001707,8
19.42552757263184,4.871880054473877,12.517454147338867,8
19.445384979248047,4.868934154510498,12.510618209838867,8
19.44879722595215,4.850656986236572,12.450559616088867,8
19.48321914672852,4.847952842712402,12.440306186676025,8
19.55942916870117,4.848200798034668,12.435911178588867,8
19.559776306152344,4.865835189819336,12.494016647338867,8
19.678762435913086,4.855103015899658,12.456418514251707,8
