Adjusted_X,Adjusted_Y,Adjusted_Z,Slice_Index
13.293461799621582,3.8659987449646,3.4530011415481567,2
13.304388999938965,3.9684689044952393,3.7450240850448613,2
13.433833122253418,3.971808195114136,3.7440481185913086,2
13.55135726928711,3.9863600730896,3.8792508840560913,2
