Adjusted_X,Adjusted_Y,Adjusted_Z,Slice_Index
32.81741714477539,11.106769561767578,0.02519996277987957,9
32.932769775390625,11.115386962890623,0.03702613338828087,9
33.200424194335945,11.10646104812622,0.021526003256440163,9
33.215030670166016,11.596752166748047,0.016538562253117558,9
