Adjusted_X,Adjusted_Y,Adjusted_Z,Slice_Index
19.26459503173828,13.044212102890015,0.04758668318390846,10
19.264789581298828,13.060455322265625,0.033407989889383316,10
19.675392150878906,12.767085552215574,0.04657215252518654,10
