Adjusted_X,Adjusted_Y,Adjusted_Z,Slice_Index
4.2412095069885245,-2.9187240600585938,-0.00856325589120388,0
4.268193244934082,-2.870625734329224,-0.00821558479219675,0
4.2692532539367685,-2.604806661605835,0.02747548185288906,0
4.308450698852538,-2.8034818172454834,-0.00744287483394146,0
4.3820276260375985,-2.6340162754058842,-0.006403326988220215,0
4.405166149139403,-2.573147773742676,-0.006057479884475471,0
4.538870334625244,-2.6595933437347408,0.0183672308921814,0
4.615725517272949,-2.5901072025299072,0.034644585102796555,0
