Adjusted_X,Adjusted_Y,Adjusted_Z,Slice_Index
40.52326202392578,5.996545672416687,0.01775304228067398,6
40.728736877441406,6.109126210212708,0.024259110912680626,6
