Adjusted_X,Adjusted_Y,Adjusted_Z,Slice_Index
5.766826629638673,12.766535520553589,0.06189076602458954,10
5.783275604248048,12.76071310043335,0.041336074471473694,10
5.841674327850343,12.76239562034607,0.06800232082605362,10
5.885075569152832,12.768667459487915,0.05613657087087631,10
5.9564528465271,12.764117956161499,0.07007180154323578,10
5.967144966125487,13.046883583068848,0.040425680577754974,10
5.980905532836914,12.763208389282227,0.04948598146438599,10
5.9979681968688965,12.759125709533693,0.07043173164129257,10
6.045977592468263,12.762937784194946,0.04341774806380272,10
