Adjusted_X,Adjusted_Y,Adjusted_Z,Slice_Index
14.834565162658693,12.763780355453491,0.034945305436849594,10
14.952096939086914,12.764616250991821,0.05360902845859528,10
14.985954284667967,12.763349771499634,0.059360522776842124,10
15.175018310546875,12.766493320465088,0.04163916781544685,10
15.178403854370115,12.76553463935852,0.04114024713635445,10
15.210718154907227,12.761638879776001,0.062037695199251175,10
15.217973709106445,12.76591420173645,0.05956745892763138,10
