Adjusted_X,Adjusted_Y,Adjusted_Z,Slice_Index
3.2042007446289062,-2.9753870964050293,-0.009357973001897337,0
2.742438793182373,-2.804737329483032,-0.009037005715072157,0
2.811868667602539,-2.613128185272217,-0.008008734323084354,0
2.8189401626586914,-2.5627737045288086,-0.008576372638344766,0
3.096031904220581,-2.6102373600006104,0.03536339849233626,0
3.1978869438171387,-2.661902904510498,0.01507376879453659,0
