Adjusted_X,Adjusted_Y,Adjusted_Z,Slice_Index
29.819908142089844,11.114482641220093,0.030356470495462418,9
30.08953094482422,11.116179943084717,0.043646499514579766,9
30.12674903869629,11.113943099975586,0.04011112824082375,9
30.12860107421875,11.11169958114624,0.02448256500065327,9
30.232898712158203,11.116669654846193,0.02707114070653916,9
