Adjusted_X,Adjusted_Y,Adjusted_Z,Slice_Index
49.29412841796875,8.684285402297974,0.0274303387850523,6
