Adjusted_X,Adjusted_Y,Adjusted_Z,Slice_Index
2.8836672306060787,10.71476948261261,0.010728126391768456,9
2.949138641357422,10.666003465652468,0.022290680557489395,9
3.05329966545105,10.709410548210144,0.012140895240008831,9
3.1042585372924805,10.674590349197386,0.016410579904913902,9
3.20500111579895,10.722774505615234,0.011149592697620392,9
