Adjusted_X,Adjusted_Y,Adjusted_Z,Slice_Index
2.8053863048553467,13.762720823287964,0.04008881002664566,11
2.8288571834564213,14.02166986465454,0.04363115131855011,11
2.92250657081604,13.763226985931395,0.046547140926122665,11
3.0364160537719727,13.762932062149048,0.04276254400610924,11
3.1334011554718018,13.762268304824829,0.0634472444653511,11
3.152738332748413,13.762114524841307,0.049225028604269035,11
3.202239990234375,13.765857696533205,0.0583384782075882,11
