Adjusted_X,Adjusted_Y,Adjusted_Z,Slice_Index
37.24491500854492,7.484540790319443,0.01848181523382664,7
37.24403381347656,7.632143080234528,0.01587948203086853,7
37.32219314575195,7.8157954812049875,0.01786450669169426,7
37.35729598999024,7.883013427257537,0.02939584292471409,7
