Adjusted_X,Adjusted_Y,Adjusted_Z,Slice_Index
13.258048057556152,11.113276243209839,0.02629526704549789,9
13.26904010772705,11.113848209381104,0.0550474114716053,9
13.272132873535154,11.113269805908203,0.06187412515282631,9
13.38495922088623,11.114417791366577,0.04639251157641412,9
13.487857818603516,11.114990234375,0.04410749673843384,9
13.718195915222168,11.114583730697632,0.0628984346985817,9
13.293621063232422,11.573906898498535,0.051058508455753326,9
