Adjusted_X,Adjusted_Y,Adjusted_Z,Slice_Index
4.266059875488281,15.117156982421875,0.01233189832419157,12
4.611455917358398,15.10459280014038,0.028811806812882423,12
