Adjusted_X,Adjusted_Y,Adjusted_Z,Slice_Index
5.899216651916504,14.144307613372805,0.014656906016170982,11
