Adjusted_X,Adjusted_Y,Adjusted_Z,Slice_Index
25.28616523742676,11.112356424331665,0.024555502459406853,9
25.40179252624512,11.1154203414917,0.04322287440299988,9
25.516048431396484,11.107106924057007,0.01991513930261135,9
25.729650497436523,11.114243745803833,0.034844480454921715,9
25.256389617919922,11.58781099319458,0.04463071376085282,9
25.29187202453613,11.594368696212769,0.040603086352348335,9
